feature_0,feature_1,feature_2,feature_3,feature_4,target
0.6305901211156348,-1.4896374214361092,-2.2624880977870494,1.9803118944818439,-1.9287463785056924,0
0.9472565707444549,1.5351487200075487,-0.7555966819819284,4.025511404907888,-2.979986211135612,0
0.3795852043612369,-1.9700004554188741,-1.3221777537961157,2.171271645400016,-2.1732178541427336,0
0.3863542897833959,1.621226879726228,-2.6493990711993805,1.112190724362892,-1.563056653565928,0
-0.06121162357197878,0.7870308368716137,-1.624832631384756,0.8439155693105265,-1.6117925666357584,0
0.7631152395088598,-0.17494456600131203,-1.8303520826147985,2.7347020204960195,-2.3387515262159715,0
0.6701541010334102,-1.3889081710291074,-1.8543896632264352,2.452104485312264,-2.2021977001244437,0
0.3830451349021419,-1.4760670917717218,-0.36170085615445013,2.9844166340874136,-2.650244709412918,0
1.1891802900809374,1.2030478522059247,-4.900087377865665,1.1348178413091352,-1.153729698208839,0
0.21993676018174776,0.8455260998852114,-1.80181459597704,1.4594403765537702,-1.8701748108326526,0
0.7121932536693676,0.11955692459848473,-3.589068023535548,1.2136773510415269,-1.5038904128562296,0
-0.2814174349266795,0.3191602900919905,-0.5565592647806583,1.1950246944111726,-1.9250041693845241,0
0.6384604422575615,-0.1165103783469821,-1.8858145138028761,2.437070693873451,-2.2499314777588033,0
0.21656821412567284,2.2947685915477845,-2.104894076853866,1.200886676852684,-1.7212777571978326,0
1.0243854516773867,0.01424416401371203,-1.8225622896995002,3.1277859912928485,-2.324643794380975,0
0.46559224045660674,-0.28879530269948617,-2.8489701254446813,1.164674686870041,-1.5666777635321887,0
1.2700677339982553,1.1833238104431567,-2.7239748521610525,3.2338249833160786,-2.3854453259718706,0
0.2453901098109673,1.5080475914191533,-2.5734943595576945,0.950348573313522,-1.5924751257050587,0
1.1266926749186537,0.847932173353264,-2.088547959053887,3.354371845136588,-2.499185086869036,0
0.8152866453187799,0.48500129152322796,-2.360204728110874,2.405883279444324,-2.1135867062251807,0
0.8383564108712129,-0.31242179149504906,-3.6936193467614125,1.3912953705737678,-1.526076530572849,0
0.7608771063375749,0.031075966875013874,-2.2287896620511605,2.436409801568597,-2.1831195665683234,0
-0.04381204581345565,-0.828397454793649,-1.561107817976575,1.1441781290796569,-1.8740719142791888,0
0.8295884938069121,-0.7422480135662024,-2.454790175019583,2.2715771684121333,-1.98596567226831,0
0.3437286920129077,0.37955030461222966,-0.6407360960362878,2.5189663084955103,-2.3332439123510644,0
0.8101758141931068,-0.25018783320716287,-2.476148891085553,2.0168454646975245,-1.7583791799476796,0
1.0531233493419148,0.32543685943381034,-0.9217886632249359,4.100413297527305,-2.9510792511840007,0
-0.22161259049036616,0.15971772868210007,-1.3453373878432986,0.8864166197963592,-1.808586744805559,0
0.5973822776264581,-0.790012802081076,-2.5714154115908645,1.684590833831327,-1.791481262478114,0
0.49368632060591366,-2.498493587871451,-1.6436243867368592,2.050246941953162,-1.985276943964815,0
-0.3573237935218928,-1.2506960629882262,-2.128649802964711,0.010310486804977925,-1.4115383103692958,0
0.6594321516358311,-0.3670704059816724,-2.102880001981125,2.1151766238450636,-1.961915797666732,0
0.6054380254974976,-0.21347213599941883,-1.7515884543572389,2.272055455126748,-2.0785154348000887,0
0.6718554102923912,0.3562167098144623,-2.436324800788759,1.955102719296307,-1.9024730533040493,0
0.16882157493030642,-1.216325832795099,-1.47062247527325,1.6213438450918938,-1.9951356023828901,0
1.2987077705808627,-1.6553688814058016,-3.6728130404516337,2.2340477529205924,-1.6560441414796578,0
0.7321098267972664,1.2916352267604467,-1.2982907530059014,2.9137571380497342,-2.3715953665767078,0
1.320012032852815,-1.2744928824990227,-3.624486472001776,2.402155094350006,-1.7792587433477687,0
0.18895838428146555,0.8039193308807204,-1.26338000438329,1.8451370073593807,-2.117353444992234,0
-0.016066337565991635,-0.6754811770399278,-1.964367611172621,0.8873665438649307,-1.715217178242739,0
1.2363785611596245,1.3147798255965035,-2.9290428708293796,2.925418565948691,-2.1955716600528445,0
0.3156862353414533,1.6263804056686328,-0.6015714580375402,2.6454146355260373,-2.496282249437187,0
0.6165832957315774,-1.4180599219689365,-1.7954125637917562,2.4158371358735713,-2.2282336701930374,0
0.3851193478875177,1.7701676156472728,-2.0129474964024068,1.6410100549546855,-1.874375765862595,0
-0.05225919620473892,1.623263185486201,-2.64583623724728,0.088904403461332,-1.1990009140726983,0
1.4714193110359495,0.2884111487160616,-2.7663912536870288,3.437822437389162,-2.289437145212471,0
1.0466163517365306,-0.797813748337336,-3.307601439455537,2.175354066232571,-1.8622260347221455,0
0.9979080304265002,0.07587738995981268,-1.7237020542798578,3.32345632444234,-2.5347469522730472,0
0.5231864749128243,-0.9169275453299295,-1.8291118995507039,2.150115910315777,-2.113823552022218,0
0.42947186859255587,0.9965246338965807,-2.7062685574520136,1.0751399184398431,-1.4762186460484032,0
0.7555338784937045,-1.0249923138187629,-2.048906574756242,2.4858844222474685,-2.17428416742539,0
0.9958314553014519,1.9571745336396382,-1.1447803755793406,3.7138696531268076,-2.724394937611538,0
0.33571073011825553,-0.5908170987358049,-2.296042614384402,1.3323808442828482,-1.739862700759863,0
0.8108841008537084,0.5573042937804867,-2.5655165442367056,2.157763055742577,-1.9395873736699538,0
0.2888139869724206,-0.2690165464148226,-2.597573559508911,1.0521574402322615,-1.6381988191280161,0
0.27679454453900043,1.4695825373608864,-0.40171648425397755,2.533843009167249,-2.3651373064012886,0
1.145719208550585,0.6627258265192667,-3.1901206399026245,2.483680055704706,-1.9797624379049028,0
0.3770284122746433,0.9344277832313074,-1.6470240214384384,1.8765279627309042,-1.9934284688325037,0
0.5546438507793781,0.36141552377197955,-2.6534387765606757,1.543499415092216,-1.7443686347684664,0
-0.20070702564075787,-0.24936410162594572,-1.9153385630192632,0.322276158619321,-1.4026706875221566,0
1.2213097331988143,1.1418532448109715,-2.527705797588717,3.1854379241529873,-2.3379821216371095,0
1.095481783202291,1.0401885647927522,-2.9644153687194503,2.3253926852538553,-1.8080155867374743,0
-0.37638397063691736,1.5292965508395333,-0.7330301967292843,0.8980222091872649,-1.8354073672373723,0
1.037318229322764,0.12391742634264473,-1.483948361758903,3.6037894229039606,-2.6725022633792817,0
0.2566480843765997,-1.3162700410740993,-0.49110167348614464,2.614066684062131,-2.5164740587882206,0
0.9641795540044691,-0.7812967068230585,-2.827192732151981,2.372295523231988,-2.01715335897667,0
0.9880525109434513,0.01631560168577677,-4.017159419646115,1.404594144169024,-1.4221868914552962,0
0.4202978928349345,-0.10735479071401643,-1.508325516473083,2.1069692975217555,-2.1115688908018178,0
0.8165054302703665,1.4014290022660747,-1.7162345519102828,2.9385354438647413,-2.4220483908983765,0
0.7699803860357307,-1.4609249386516574,-3.1038291765957124,1.6488372094948505,-1.6795900659040273,0
1.080793983699529,1.745871336135157,-2.5419400381389243,2.791121283285817,-2.157511091144369,0
0.25651131871846045,-0.22064275011577214,-1.4009732538624242,1.7544206049793434,-1.9657361641132223,0
0.4650926359920327,-0.02974165415538386,-2.2396046610028972,1.7677234660694543,-1.965149005545107,0
0.33183119282813556,-0.36158858057559284,-1.8908373663633542,1.6560354907528967,-1.9294152483590687,0
1.1204630633496604,-0.8417119460380091,-3.327373406523097,2.223197460809666,-1.8003365667967894,0
0.4901807343151818,-0.47326504683304876,-1.0446064819310124,2.612850620417779,-2.35017375001538,0
0.45210309953235445,0.5507877351167638,-0.8034107259105039,2.7963376670894378,-2.511374246538923,0
0.48246875350334023,-1.1687410284931263,-2.4511734672575733,1.7000127826309677,-1.94756729493271,0
0.40964088215543926,1.3005268585960061,-1.353425978125351,2.224845223931203,-2.192765633723871,0
0.5664035538246899,0.43350549994684245,-0.3736931470406033,3.415246299324859,-2.8096925519245306,0
0.41804846339475565,0.502714891773257,-1.7292754035307736,2.0350833049182095,-2.125043591007494,0
0.6169561008216741,1.0478511314651566,-2.9688715723830885,1.4490224345954563,-1.6659269968310226,0
0.9992334178335613,1.507633558913684,-2.205405293561167,2.8775463388635742,-2.250566753022314,0
0.7403977496954868,-1.3938310438129229,-1.4673958671552074,2.901479554050491,-2.4105301373106234,0
0.6521438792244664,-0.566128588607568,-1.5838710338762807,2.704799142030139,-2.3921714367050946,0
1.044221096268426,1.9015592551136702,-2.0029808984142456,3.1473412815407165,-2.3826262438566146,0
0.3909676781659366,-0.7296646238211267,-1.7597927671214837,1.8177048566443121,-1.9526195196078382,0
0.6117537628429911,-0.08392725487267538,-2.0802402023975306,2.067395733113965,-1.9803390485464183,0
1.0614318391239215,-0.7005368280095384,-3.3377801928432653,2.11254147080415,-1.7839400478581693,0
0.9210009484211011,0.6983208157562021,-2.6946391799226523,2.355561164493262,-2.018445941186642,0
0.7231473579175344,-0.36010595263818695,-4.182299313236884,0.8393288284172966,-1.3222291613897506,0
0.6258031636318246,-0.610022977498356,-2.0727197983976695,2.0349768323821853,-1.9206410160995684,0
1.0320379816369534,0.9362090095799499,-2.5676138227265453,2.6490748759926026,-2.0974079106605377,0
-0.2362548728073397,0.9173151613587754,-1.9176053469220986,0.3209216129606345,-1.4597556424085392,0
0.5074556540509285,-0.8177154757301307,-3.2146433244100594,1.0062657703453817,-1.4736889923825118,0
0.9090034190970983,0.21294997367162288,-2.3308069575192696,2.44660438332594,-1.9930355531053694,0
0.43304534614315926,1.4003997947952824,-3.0843262061129453,1.0508106750872255,-1.5907816986619276,0
0.40300384279904966,0.5334850768245277,-1.9547154174395052,1.6498379319345267,-1.8321733618865634,0
1.1186768238064153,-0.3770441691342582,-1.7738705523951623,3.621597285621645,-2.6711631775114264,0
0.6352378247712738,1.5133362783557256,-2.209057140586127,2.1373652902999316,-2.06539618662935,0
0.6148431169939933,-0.5553080553860471,-2.430589750099235,1.7538272582634695,-1.7814835217302483,0
0.5196840093057441,0.7322345071326534,-1.463386321074727,2.431290905203749,-2.2734235802083442,0
0.5723934161555648,0.02194380821533224,-2.5197507418281364,1.6250134614727165,-1.749540537842485,0
0.6827582006798651,1.8627464923572625,-2.2321010244258757,2.1611342406021445,-2.022188264441909,0
1.380825679151801,-1.345583400104966,-3.33894777813106,2.8705477473033216,-2.0619853310059306,0
0.03585340770534136,-1.1802836038228717,-1.663278219370576,1.0451761769865653,-1.6804538355674412,0
-0.2220688670752188,1.308011915661778,-3.1157742509649147,-0.5571675818839803,-0.9776931360674477,0
0.6442310721314525,-0.060917832770783234,-1.4353622272001787,2.722871112493202,-2.3666565935680506,0
0.3722902927540242,0.41076218957588423,-1.663648658363934,1.8554917493825793,-1.9854510599082793,0
0.43987877502872347,0.12181470577485806,-2.8129457345379345,1.0630395464329245,-1.487814071244139,0
0.41593563216334994,1.1040706092820498,-2.002132941762517,1.981898701029691,-2.1779513294384145,0
0.32457579915452506,0.6583925119224902,-0.6066789962125059,2.7677139792599617,-2.6121750828389665,0
1.0501010205820136,0.9327436083455788,-0.958989447325989,3.917201644523944,-2.778082358994932,0
0.12913149081566475,-0.20902109965135976,-1.7986336919896266,1.4650271522915705,-2.022027017136023,0
0.9747491524550491,-0.15556569452183558,-3.908959751055267,1.5107266044381424,-1.513371785116957,0
0.39689065795187517,0.7439016768802931,-2.7752939853620044,1.1052093445476712,-1.5872295823344114,0
0.8061223852420146,1.5677961311964723,-4.19759807441685,0.8101561982216767,-1.162998079390852,0
0.7305613437353182,-1.1473219676483402,-2.102696011437819,2.2876558843506953,-2.02751726347201,0
0.6936342082006636,0.27402735267208544,-2.2491025027254143,2.040357409236744,-1.884379824508313,0
0.77881699407542,-0.5411253725348428,-2.9433887974325157,1.8901407285147915,-1.8565628003000791,0
0.0936767277351426,-0.7206260575907678,-2.88826829361003,0.17572743907695942,-1.147061389550216,0
-0.2861575286901065,-1.9854610204177623,-1.0441325484725739,1.0341139971630064,-1.9519849303310195,0
0.3508060537430623,-1.0285765255061254,-3.111200569331279,0.6509550548299519,-1.3148958154306065,0
0.825702740700698,-1.0463548733703751,-2.08151889075794,2.4035439212410212,-1.986704612753295,0
1.217941313325899,0.6729432044950393,-3.312391735963523,2.5576292428556147,-1.9874535333688093,0
0.9504186532249768,-0.24624212194871742,-2.0256989271805366,2.8327121907423116,-2.213315071476388,0
0.05646313498708333,0.4726630560767134,-0.6912538177091068,1.8551900072553853,-2.1219350847516436,0
1.0103372158872204,-1.8767187306827366,-3.3711347817121466,1.9698654978740906,-1.7299316016160584,0
-0.06793201814305129,1.3414319753737025,-2.2049703860646024,0.5246265861039838,-1.5115097341510113,0
0.6665016426574735,-0.3754938863522174,-3.592230866225452,1.2408068379939228,-1.607656166457827,0
0.1851332353805054,-2.1148662950169905,-1.942790531200974,1.2371500827378341,-1.747741101396553,0
1.105826422800494,-2.057966753396755,-0.7766645428190788,4.2319654237414195,-2.9476772413010726,0
0.6335215314852577,-0.4652168666180802,-1.5682875844599926,2.56502527838207,-2.2696785311744816,0
0.9891925667708077,0.7450305629127996,-2.161576416907832,3.0280988573946477,-2.4079138781853247,0
0.7483989818434373,0.10207491624738367,-3.3323464464842054,1.473671494199219,-1.6189507600333455,0
0.5293702169669522,-1.7794294488516276,-1.4311427058339543,2.380080179310019,-2.1915399695916027,0
0.055557920694973284,0.2448193738945395,-1.08263016740155,1.5080676715180337,-1.9101777554038026,0
0.42788822785063085,-0.11565356854823089,-1.6125397331222744,2.051041561942894,-2.080790274029386,0
0.2199387054753249,1.150607550593069,-0.038297831556178163,2.8258063860228715,-2.6234469314406175,0
-0.641965625034498,-0.5458425859710776,-0.37419939295834337,0.6490772558753346,-1.8662834645469855,0
0.7736403268783619,1.018157247648752,-1.9977128334976535,2.4946145081858453,-2.134335286297781,0
0.5609298613928894,-1.1343963827064898,-2.1751083013866435,1.88145544510994,-1.9042296184284124,0
0.8049222229867826,0.41692950326481654,-2.148807605579217,2.402728701360483,-2.045505005923946,0
-0.20461230866376123,1.1342947938882124,-0.8448351418581928,1.3741175888578894,-2.099655494568072,0
1.0054049692896974,0.1494194735091969,-3.327295250551293,2.0590052263627427,-1.8145492141826334,0
-0.03478300698018839,-0.5895673839924012,-1.7349876641258,0.9945116131732747,-1.7694794420598539,0
0.8824226530432612,-0.23212931854845434,-1.0316029174526427,3.7043739323914,-2.8546203241461794,0
0.10650175897803538,1.1650321048394572,-0.9192386203401932,2.0124384491999554,-2.2937936816295474,0
0.6383608511463406,-0.08804446917604382,-2.5835785675322196,1.8888644787530742,-1.944091942344436,0
0.0666382060542093,0.049802790902832496,-0.5065578505367445,2.1219840642405408,-2.314126348491409,0
1.2308056620699792,0.6082288953073121,-1.6001675438697742,3.7714058102381154,-2.579546797802174,0
0.7512446504398048,0.021060198364359507,-3.9808945738537274,0.8703662355420385,-1.2315267960231964,0
1.0553207198652281,0.0001866646349733769,-0.8357186764235642,3.9699711553391577,-2.7774251486139905,0
0.4904615515077761,0.5957022501755148,-2.5404512246277138,1.4161470570641694,-1.671187165984973,0
0.07223363803417121,0.9179676706663622,-1.3481282578790705,1.4293760848754782,-1.903019248914441,0
0.20431904810290002,0.3535478631986765,-1.0998150307835277,1.9360194976438831,-2.1247000286731024,0
0.13791748820512856,-0.8522016313215837,-1.658163836462096,1.3607083531644582,-1.8441115090511548,0
0.3983677538440727,1.6739015887420603,-0.7346517436628301,2.6639436158256204,-2.4330323614126494,0
0.8106406295011757,-1.0225853502720914,-1.3759839037480543,3.131870976123195,-2.5031349077659595,0
0.3133801503554533,0.2482739329114458,-0.529148267951282,2.752440991434951,-2.584381474587716,0
0.3968166046106838,-0.0027502410341822625,-1.8300846222788771,1.77342628772347,-1.9237980409497155,0
-0.1517853505392058,1.6224983409010136,-1.9496810984722586,0.4583047105042706,-1.4793497890955418,0
0.17215415862185274,-0.21903181435247787,-1.9527396283473457,1.31286365634891,-1.8520720647210758,0
-0.10188409122514198,-1.2334975839449034,0.20593000846074627,2.3104204379306097,-2.510138705072479,0
0.39175183021627324,1.2865973693976245,-1.327075702314898,2.171630592353682,-2.15575951947373,0
0.7704675236603264,-0.8403915362054409,-2.9124650855575354,1.9124055500117598,-1.8815297986348423,0
0.5773031172552076,-0.32782352634269685,-0.5482122489298171,3.0145766983804574,-2.438925687909454,0
0.28100357426658945,-0.5013692716678184,-1.4889066041095733,1.8496240711246732,-2.059861512801026,0
0.31765026541247005,-0.6766708032480138,-2.213254075291766,1.3654278685638994,-1.7718740087153553,0
0.4245750800020287,-0.1946766623579972,-3.0464940597119234,0.9497327889837672,-1.4838497943692728,0
0.3804304143790871,-1.0698953290805033,-1.3976782181310266,2.129288078029013,-2.156926767622318,0
-0.01900665784847405,-1.5888184753202212,-0.7940382290738168,1.617299028281573,-2.0343232284483106,0
0.5967124750626684,0.4739340992113509,-2.1270717078419543,2.081751676051309,-2.037860428848936,0
0.7483922424579583,0.9939297571216518,-1.6076215141273549,2.8943082126348636,-2.444154718676405,0
0.9988748751670379,0.19656354764246445,-1.8261471480237332,3.1653873635134753,-2.4068426847664566,0
0.4734962087814903,-0.19776904470561435,-2.9444650955787486,0.9700599126822596,-1.386495690647309,0
0.05296222048682892,-0.2133297993092693,-1.8622377385328976,0.9283559367613008,-1.6069069701449092,0
0.47548632557303816,-2.2562499347482268,-1.74131263142008,2.0644434838033874,-2.067376866353757,0
0.7951928802504136,-0.7276723548562242,-2.7849258742965386,2.0957241344440805,-1.9845929418203296,0
-0.40222423228916654,0.07343451924111885,-0.7509863048925043,0.9161501152419769,-1.9032520282229397,0
0.5067610526727055,-2.3764328563378636,-1.6593181817658418,2.1633798498909096,-2.088850933217552,0
0.8930939374726522,0.8209668843684006,-1.3836691377158696,3.3025780913730722,-2.5515542691942033,0
0.19508921040495572,0.7289091555627822,-1.5447055450985339,1.669600017322981,-2.0317741901867348,0
0.21139552450625035,2.5546863259021158,-1.5153698192575362,1.817032985064885,-2.148725402166313,0
0.6293748962984299,-0.8067463802094889,-1.953795871669913,2.282961203574771,-2.129180411189432,0
0.5905926673796701,2.3502058000057215,-1.455365686683395,2.5189853236679043,-2.247390114673149,0
-0.23912030436385975,0.7641052963280948,-1.5060604125281059,0.6549855155258546,-1.6561405861327425,0
0.5838847333271591,-0.26403776199440115,-3.7768465963095563,0.8557792430442783,-1.4088119971750654,0
0.2875548356918941,1.2411473438787268,-1.9882424397025105,1.4151472072629256,-1.7860103170359776,0
-0.8236667570703942,0.8986484586849005,-0.7410048086454228,-0.14034739664665352,-1.4740312141609477,0
0.636880607511238,0.5542247039460395,-1.9079856168988418,2.2846973354394735,-2.1011562166726656,0
0.5363796837707657,0.7591785027052609,-1.9885798120076463,2.189865005077109,-2.195680700285781,0
0.43103560280838743,0.5336479953688871,-2.559391064721129,1.3381546685812724,-1.6929986998704787,0
0.4746868800788487,0.18676205484824018,-1.2932659409787377,2.5378615419355954,-2.3925573202157526,0
0.2299291105067884,2.10367310306172,-2.4373250583010515,0.7712631914524306,-1.3770735135156311,0
0.6470506056280348,-0.2323044937361695,-1.9132670353303272,2.1948560491046085,-1.9924318272499935,0
0.8155192962275108,0.677359521686422,-1.4068533312165834,2.936084929225548,-2.3016905709267803,0
1.0548569966597965,0.4788187482130753,-2.783864577883247,2.5149487355182174,-2.0031159997757517,0
0.2410378752575929,1.2010147611718904,-0.5093628720072205,2.5217808451776285,-2.451989104859166,0
-0.2262191496814276,1.1825657270608714,-1.7279632501623468,0.40072007503217577,-1.4540415479312363,0
0.5353194760091399,-0.28026910446356673,-1.2459618987134238,2.624451185711591,-2.3668657146002263,0
0.9118446084239927,-1.013805932639863,-2.5846142462078636,2.4403951562271775,-2.0798537656958516,0
0.7554448899394403,-0.08152282681934891,-1.7211765927418938,2.706759844106694,-2.2797370302721554,0
0.24980418777334032,-0.5869656870923221,-1.3278165763001013,2.04611437460886,-2.2544670863493823,0
0.6464194801486481,1.2237103406692909,-3.1448511244861708,1.127640631263622,-1.348827427668112,0
-0.15226434865793206,1.6512365786872862,-1.7678702540960896,0.6329876676625998,-1.5932709874973656,0
0.7603981082114095,1.1154332973811345,-2.37969768901477,2.1152192466402093,-1.9050897987477189,0
0.4544814043719338,0.06884573128385278,-0.4434089463557336,3.0145697291822313,-2.597600081146749,0
1.0960624736305398,0.785812009296809,-1.3145242106042612,3.8741074051855033,-2.795542149147412,0
0.6118310115264883,-0.6958614201447756,-0.5810115208327864,3.363300874531902,-2.7615358631825666,0
0.8349315334872778,-0.7065605788334728,-1.2323636937763096,3.196052138151309,-2.4756809087254914,0
0.7058436956103972,-0.010937837016195572,-3.1856490891967875,1.4249566053978326,-1.5802163616902445,0
0.31057078007413985,-0.4678221828322661,-2.6269327763144616,1.1130284728454285,-1.6781296902451677,0
-0.3033681076777089,0.02879081373848167,2.4097142550389155,1.270786869971407,-0.8954556613205589,1
0.5245102336118054,1.214973511292237,-1.3982059545248586,2.581698302471438,-2.3982761220815694,0
0.8701362560496051,0.6207475552794239,-2.3619812989855364,2.5368412087460226,-2.1627676976777157,0
0.6569172564464073,-0.28368469367815263,-1.0700104124652015,2.905420507266342,-2.39666300012097,0
0.5222987381611811,1.1645834712019478,-1.9369915800114235,1.9887794962234309,-1.987594444648947,0
0.4336690601367093,2.444582752582506,-1.8196756682261253,1.8450207883755074,-1.9351619237882096,0
0.8534054509590113,0.7143189358736531,-1.275580117636391,3.339209203263046,-2.612627709039648,0
0.8732151605445984,2.414217312238733,-0.431374512465025,4.023680016999165,-2.972991390876469,0
0.9315716890865464,-1.1378071596536348,-2.912194267631385,2.186643297129706,-1.9080062758420948,0
0.2560824223041405,0.11038963910769706,-1.8980443372844997,1.5819810152004774,-1.9772947105720806,0
0.2751759540702467,1.142699916235183,-1.8160928841365234,1.4750858334037504,-1.8025459888353568,0
0.04945360136818568,1.5094576934076902,-1.4363132610093658,1.4082041257005677,-1.9517636640352147,0
0.8823332253661996,1.0357246425830327,-1.8257354896559845,2.8812372022836423,-2.297454748826196,0
0.8567991086852871,-0.8071399829793362,-2.9474138269654957,1.8891644439061144,-1.7306637409757342,0
0.8621491959437081,0.08507903197998995,-2.4547035711937144,2.2720626535447397,-1.9336529517407832,0
-0.5581929190917967,-0.7604181998113736,2.0197873841995704,2.6660620672492388,-2.9231776665689897,1
0.4804629165602009,-0.5496045846648339,-2.45491844700406,1.4996631479966331,-1.742028744779093,0
0.8320359531490459,0.9373272918208769,-2.6405496401832913,2.1391404715340014,-1.914707678055568,0
0.4394114581185725,-0.39814201058847004,-1.159773160855766,2.414075082338307,-2.268340060475742,0
0.5305947466408955,0.1989496964833095,-3.264152189262374,1.0510326034313304,-1.5022554024950097,0
0.09723876916859421,-0.5974233651432281,-1.5256277818094768,1.4894718273772418,-1.99403515536276,0
0.7960176089297412,-0.36391939348963653,-1.964427030220747,2.4356650866013037,-2.023353672057621,0
1.1730664044606385,0.16984469724903012,-2.839872339278453,2.7224215609993703,-2.0507928472143058,0
0.5221224907124735,-0.791709350567595,-1.665910051674413,2.3076586332025264,-2.2178880645452885,0
0.5044588580871888,0.6573649633895711,-1.6376797888759065,2.219536377146072,-2.143160940199221,0
1.1510537546484017,1.0043766347631322,-2.208824530272514,3.090292953682834,-2.228993154026349,0
1.1965126354802174,-0.8082184087866364,-2.4310355579874114,3.2409978919886555,-2.39918222848972,0
0.19610196726877646,0.42321237445701776,-2.006948421692759,1.2110992363264033,-1.7273793334416292,0
0.41826400056256013,0.09412426778927614,-1.73002253890188,1.9921751960865135,-2.079957108131421,0
0.8792816402583844,0.9200114600053961,-1.3009363273764845,3.236403077260047,-2.472581760857686,0
0.34107567322268884,1.0045929091264905,-1.5320282981422428,1.9495220093173242,-2.0839373938042725,0
0.8701878171562074,-2.2332788193557644,-1.6718609020308017,2.9921709333739934,-2.374175305684556,0
0.5655329439491513,0.15964776940790298,-1.7635037943034324,2.1413104493540738,-2.0106126755139226,0
1.0800808177148895,-1.1860692313994132,-2.8922247710555196,2.54176061148193,-2.0321714064274126,0
0.9831225614764354,-0.29859673760962646,-2.3125186713681796,2.894306631621232,-2.335606938713977,0
0.8626939126625323,0.7613055634094525,-2.55856867866263,2.344895252007818,-2.0492761058802778,0
1.0157548000121535,-1.555970026317907,-1.468714928038675,3.489956891024528,-2.5821339972864044,0
1.2016441458548548,-1.1377379958113922,-2.833020693850398,2.819573697972982,-2.103763486234203,0
0.16503122983302318,-0.7898474390492546,-3.0596047739483736,0.3176052824176012,-1.246373112176748,0
0.8598703724265095,1.0366468294192557,-1.290822120396315,3.2715148569299908,-2.536993519255057,0
0.6615324699127989,-0.27269458215246056,-1.3909235525952575,2.665328014907134,-2.26107621725418,0
-0.2926998240491735,-0.20429533330183694,-0.48407520758077105,1.4447309121250733,-2.177352868590833,0
0.012354746074043362,0.7526823152860572,-0.8797700640607276,1.6857084212178464,-2.0883463129004767,0
0.7546312773221245,-0.8912185001067509,-1.5158383538006934,2.9201104084959697,-2.425697491933984,0
0.17206411042626854,-0.7730834555704812,-3.22327373842229,0.14462514975871366,-1.116612685029605,0
0.8246374660817728,-0.14428794263673994,-2.353614370271534,2.2847637928543905,-1.9687876949729444,0
1.3578850834920895,-0.04546497612900444,-2.7379580162255355,3.368255992002199,-2.3895324490929686,0
0.7293622998891468,-1.0676348506009778,-2.551407398682145,2.0437673067188222,-1.9466886459710477,0
0.7772642657665211,-0.6190727365172086,-2.1034726418952565,2.4394028051616177,-2.1113349359691758,0
0.35781632680599795,0.4881048177193057,-2.0455047338786314,1.6714069917270349,-1.9631006788224314,0
0.4868481780840993,-0.5713742524172769,-0.8811425422245192,2.773976440733354,-2.461574927984982,0
0.08385907604344922,0.5068774563905613,-1.8234242065010786,1.1236822221718719,-1.7468026190510342,0
0.7587225991243146,-0.8680639066752307,-0.8971465461529726,3.381476905835025,-2.6644534472886545,0
0.48669929913041604,0.1417658589610795,-2.1415703949183937,1.7471416995744726,-1.8706922343904646,0
0.4848565302947741,-0.5191573227936902,-1.3022703091086294,2.3199066546003593,-2.150834923568278,0
0.8356972039875505,0.09018263749689953,-3.199971940990191,1.6968491524872635,-1.6605282199405453,0
-0.0033882726150245342,-0.5619462476951015,-0.023749758590345893,2.48177894735484,-2.6188968848280894,0
0.8458116280527402,-0.4759886023863676,-1.0274852152152865,3.459358637485388,-2.6552814121980464,0
0.19065638864876305,0.3984491228578794,-1.530628587880109,1.5830582073468524,-1.9427166940621676,0
-0.00526110672296326,2.220683796583114,-1.6806007650434682,1.0894751189643062,-1.8002796695459669,0
1.0215186946082875,-0.5481663559692463,-2.079610149207306,2.9887989781687043,-2.282636916752545,0
0.8418146856270408,1.029882539130331,-3.049879493891322,1.7637261374042275,-1.6628690309658125,0
0.2854988939586072,-1.6644767353332222,-0.543702061449709,2.613776649006344,-2.489693228325929,0
0.14103292546154708,1.5187183527167938,-2.0629183362250614,1.0206280332894164,-1.6383876388512812,0
0.2588007251290321,-1.3582116685261956,-1.542821467094989,1.696376829857857,-1.9558535201867011,0
1.6543456920531432,-0.4262685566764252,-2.495474434571062,4.211963811475146,-2.700667400114435,0
0.5718281481501417,-0.6872265309140099,-1.070125627606431,2.661233293642755,-2.2784210953267743,0
-0.30028513110092653,-1.167534215312696,-1.8255657430881143,0.38587140123724306,-1.5962021893270737,0
0.43592964481587976,0.21160038058850683,-1.0052273280663186,2.636751027113913,-2.4480118052532904,0
0.9236476780773009,-0.5951034386477235,-2.2015812116742173,2.746427676974386,-2.234045257501335,0
-0.07320595504438869,1.3369204375647132,-1.3686908759774754,1.1046258939153106,-1.8059720864067068,0
1.0486650419474821,-0.06184008396068339,-1.4991439308356957,3.5051032487236915,-2.5564143554878913,0
0.26044549807775036,1.0527915569027135,-1.9820865310827187,1.3576110460794903,-1.7672104130886643,0
1.3510777272826004,-0.9851944027873477,-2.506659210832062,3.4539137579633747,-2.4011988253244856,0
0.2010959995541448,0.27899179474847396,-2.3047087547309513,1.0596106960927756,-1.6752201012855166,0
0.19732827696106045,-1.7204456102367125,-1.8437605227304463,1.3751541385525705,-1.8345696246590075,0
0.75205758729916,1.9353203365984042,-1.5476923178168525,2.899113572371972,-2.42012908964272,0
0.3143842949964283,-0.33869133992187517,-1.988626495200021,1.5474079015771853,-1.8814484235480786,0
0.11094368177216077,-1.1788166402247968,-0.4927434176828649,2.1668488184054446,-2.2840442812348845,0
0.12708283702773615,-0.3990988538209255,-2.298140160341676,0.8258328087742588,-1.547365208125667,0
0.7863174015171533,0.274741902746345,-1.408754542668321,3.095053321844011,-2.5165800005477035,0
0.401733263812528,-0.10137825626420019,-1.7060296364257725,2.031836308229906,-2.13911708353898,0
0.047122023001706294,1.4961022334255598,-0.8145938370167976,1.8720887888617026,-2.20240680167213,0
-0.04424728574169346,1.2548119434691696,-1.5181291443044587,1.1658713162125567,-1.8809563850649706,0
1.1113289633779457,-0.38040725741084613,-2.8633241639766687,2.5420739543230333,-1.9706871675265005,0
0.457540394294351,1.4182403547575644,-2.028547684098746,1.8410135713849072,-1.972856084430752,0
0.8001016225478164,-0.7602909475639799,-1.616034986851789,2.8954936656004344,-2.3648119253462454,0
0.9028095393504191,0.1798310795379064,-2.3370588866572346,2.610508739668446,-2.177481840707756,0
-0.837597898279283,-0.09996977981690322,1.1608912113743997,1.41613471087843,-2.395991059558631,1
1.6582067144451687,1.4555808184893537,-3.1068515275328883,3.63747610085022,-2.3274931209635175,0
0.30469682072583887,0.8442832280974177,-1.8896068492958629,1.6047308946905763,-1.9190956127553167,0
-0.15591231855823084,0.5886526793824348,-0.20916691543099453,1.7776637256919159,-2.1988657004690744,0
-0.1217068135312222,-2.5884166322041997,-1.0648744143229352,1.294320602253259,-1.9664208048162366,0
0.5147718844697902,0.25216735047557565,-1.361007445839303,2.399681426055734,-2.2087117788831847,0
0.2863958512260577,2.569907035475335,-0.6442656315477351,2.664775812755135,-2.5805605298783862,0
-0.003121046611067071,-0.7150218680302427,0.1932941434278872,2.584016716467751,-2.6419925142466005,0
0.2305990924514,-0.5739300079673577,-1.933381960220618,1.3507912408221483,-1.7896480106871606,0
0.1733671833029696,1.182352844091784,-1.596283186542643,1.3720637846195953,-1.7746760334724594,0
0.7425926495286244,-0.7219633271251292,-2.256963923241207,2.2677623583051743,-2.04666593461123,0
0.3707506636176796,0.5736870300025537,-0.5629996756762579,2.734474841592336,-2.4855800900678906,0
0.787981947689715,1.7467389375083464,-0.8099336497561229,3.5552156970183892,-2.765674666580245,0
0.7462557896812384,-1.7325440243543537,-1.0772351679954384,3.1272731026956224,-2.4874112476196895,0
0.5334811225289848,0.2829461845074849,-1.677862205917187,2.210300287558425,-2.1019227626767547,0
0.16221928446899783,-0.14311573696377775,-0.8656351045301025,2.0785470280044667,-2.252148049609826,0
0.8722147104047747,-0.3279419202673591,-1.3654086662850369,3.230531531115771,-2.5027565070651456,0
0.4919137592290943,-0.5199750884075218,-1.1860909713094614,2.5783542528650134,-2.3657621025919098,0
0.21603245697627427,0.40191895517392295,-1.3697539255910152,1.8532697973063783,-2.1230418974342298,0
1.2184189236354501,-0.7792955995214319,-3.39312765199673,2.4556774520385076,-1.9108514138046584,0
0.7344332034793039,1.4294578020440076,-3.4666073353994387,1.2070951223691173,-1.413671501446577,0
0.8053029619908116,-1.2646864317560584,-2.4706740151085773,2.211563815149313,-1.9684930512687737,0
0.6191223236399158,-0.7601894489620864,-2.4760840636483685,1.6674641770557428,-1.7014768549395722,0
0.27055440350330123,-0.47434544190347283,-2.3462749832381498,1.1268793967486328,-1.6492390080230142,0
-0.05895849329868017,-1.3257937713542476,-2.0465970646933833,0.4634188156769661,-1.371619829670872,0
0.4168947440440018,-0.6921522120768903,-1.893316268099752,1.778546564901427,-1.9210195274941169,0
0.9894109486176512,0.5767938239138171,-2.548435489237365,2.5857569842539885,-2.0926737663260018,0
0.6616148071648643,0.9902384537051827,-1.6261675882558302,2.499361166807609,-2.177563289434003,0
0.6469617261315774,1.157346311723567,-1.5109787499204217,2.529646229177559,-2.188649415220494,0
0.5459122859230007,-0.8702562235172253,-2.04570085697867,1.9869410003587562,-1.9893311115580636,0
0.37569778394037234,0.7404071223772372,-1.049375367997138,2.331021508689456,-2.241882832254433,0
-0.1141590019462371,0.02925147970187543,-1.0902408319853276,1.2128406940186558,-1.8784720431019715,0
0.8746354472419551,0.8168679695322622,-1.5488168423476476,3.067993536980999,-2.3990479066769,0
-0.3884216268753332,-0.5461110027385696,-1.8585113899877228,0.11279681500931393,-1.4652567783213186,0
0.17361705959623658,0.7172835811587757,-0.37319526143267834,2.5406601087170655,-2.528560472980298,0
0.08444072399992072,0.08528423349335175,-0.9604084521835512,1.8315807163438158,-2.155664780554072,0
0.2647380256915733,0.8074618356124449,-3.2308392506258885,0.40015846844188396,-1.237427621001025,0
0.7556489914330348,0.33972385937475696,-1.5476154902703372,2.843553952900209,-2.3559757766996485,0
0.606621995306262,0.19630441692435538,-0.5203624532295057,3.403670943608943,-2.788939527500429,0
0.6880928514508557,-0.8841584799437681,-1.8811669716939923,2.509823222690475,-2.2440143810041837,0
1.0453853562023827,1.180490877972961,-2.969514310592852,2.341321231137266,-1.9079160805520101,0
0.9496856983894381,0.07575934319837979,-2.6851052253027925,2.3641710416551818,-1.9772967742137468,0
0.9321909273135738,1.8272615049570138,-1.6659950620214228,3.127879034248952,-2.4137942324587676,0
0.41708891266804493,0.6148413973029732,-2.4037343136510922,1.4337542406838009,-1.7558610582683265,0
0.8361680884097107,-0.2702767610101646,-2.1695056677634876,2.5262261116876403,-2.132426200227924,0
0.7078207393368385,1.0080040042932596,-2.032659786463534,2.415741501772207,-2.1717652610044844,0
0.43628704121179157,-0.08560808947124605,-2.0551862816147417,1.861696877127799,-2.039296184615533,0
1.1049805074787824,-0.08338014443846556,-2.3096302044503356,2.9448481238052726,-2.189966634684616,0
-0.19872250155212573,-1.6255993666594517,-1.3151882765591616,0.7883297259079218,-1.656915486228472,0
0.2512454915504918,-1.692681615510937,-2.898974601729027,0.701181190631778,-1.4471174224794345,0
1.2543222219940682,-0.858812727920689,-1.4387691690078124,3.843999510005063,-2.555315537460011,0
0.1815478344813089,1.90329268772716,-1.8470774370337335,1.3579935129771696,-1.8434260726123972,0
0.9961880056312361,1.8095149185186066,-2.221630672667418,2.784693804684524,-2.164330988828122,0
0.2906751240279925,1.1414643179722508,-0.22986532556767902,2.9573612708151105,-2.720735202172128,0
0.2720339454183672,0.5714083877187804,-0.6500770257048492,2.4356506247171517,-2.365656094625508,0
0.6044699105712147,1.6884421557461313,-3.0067082061117856,1.4482916395263707,-1.700003801668318,0
0.5819923392863131,-1.245593911614555,-3.6613479854445288,0.6891522969060371,-1.1924620688359389,0
0.5191511052086522,1.8065162106620096,-3.4090619228455843,1.065834949788673,-1.5922593447634101,0
-0.09524895241007882,0.20001485117174814,-0.0005710223736243858,2.168574380636241,-2.4302216514460033,0
1.1501032652120546,-0.3773420769478101,-2.8047472568726315,2.6447557394744337,-1.9929692951858204,0
0.272932903243235,-1.595636760889683,2.917891520840967,2.546268486914868,-1.103454163342744,1
0.900093718271689,-1.1874654017384385,-3.3985412434810587,1.7938704897728195,-1.7345593265271806,0
-0.25919944732393146,-0.2920085455130258,-2.309274829572129,-0.02859249787340623,-1.2813327465772641,0
1.224824825195495,-0.5487491334148188,-2.682539823000938,3.148129148488297,-2.3528814989379843,0
0.5919099750569126,-0.2395073687649446,-2.667700255103103,1.603893021014121,-1.7528281889976738,0
1.1560411981035823,0.14280939244258323,-4.286342501606921,1.7508571626845788,-1.6170590124817597,0
0.6292885010056934,1.3798386997400571,-1.3725736171041585,2.7422843800285803,-2.3870241937495145,0
1.1092675957645235,1.3907324875915426,-2.01172766301914,3.2248362820397647,-2.3618643197128826,0
0.7914122937122197,0.4121091610202864,-1.9941685036897896,2.4195390145243407,-2.0253749535520176,0
-0.5960791324230957,-1.069960156592582,-1.1354529484453844,0.25554641799924394,-1.6726965969339425,0
-0.10669722527229288,-1.0585037209958124,-1.0428935305427307,1.3132992737827025,-1.9535197319682247,0
0.4950015431103492,0.2820026250168557,-2.6478436454476006,1.3488526220005643,-1.6346527335166954,0
-0.18372292471236334,0.9599566744337453,-1.4194663877697455,0.8978119492256473,-1.7877212531612625,0
-0.06552738475647865,-0.18561746791792078,-1.1753862437297693,1.1837989960776913,-1.8020099745791216,0
-0.09394087127495702,0.7540759331580894,-1.7852783022416376,0.7664917355813694,-1.6455237098805138,0
0.29982464271314174,1.3201841971984174,-2.2863352890994917,1.254996901501474,-1.713094445012739,0
0.14122134051422044,0.5963970691176537,-2.3263151992050943,0.7946197872878176,-1.5025623875972405,0
0.3427137566301187,0.23538826054801248,-0.6896934304768896,2.5897322541191605,-2.4280389983745105,0
0.04830998987630774,0.7754237330893744,-0.41656018502028735,2.269507090890507,-2.4639145309740402,0
0.3958138301568987,1.5587980694978887,-2.122951504998346,1.5912750470159898,-1.8472970640847863,0
0.7170529177463052,0.25499675067459876,-1.9664308784769244,2.4725013912652094,-2.1908016551194116,0
0.05671185085246095,0.029102708325022607,-0.37804855176992147,2.384729034297588,-2.5563394986643684,0
1.2443264151395426,-0.10172002555304499,-3.407600522601795,2.3579315403943575,-1.7718649187058075,0
1.4670316836902264,0.9495229179610088,-2.5244984031029216,3.556129466751944,-2.3273527873708875,0
1.1334830034511518,0.5533635687726227,-3.7610897639521363,1.9391596623266867,-1.6485388834394015,0
1.361562288565233,-0.44029678710755854,-1.8564705720669399,3.963995242031567,-2.6685544508394035,0
0.17764361116130076,-0.3657996727935024,-1.6025784533461118,1.5763225007929824,-1.984509745523847,0
0.43608343067792216,0.4033003902452816,-2.0351812542294563,1.736107150733197,-1.9001198889824307,0
0.43197609491671163,-0.9070081583826592,-2.8379962461644266,1.088879116618283,-1.5374073913849458,0
0.8853866906459797,-0.2766358691614466,-2.321174242559941,2.668387572999923,-2.260333639154505,0
0.38431079222640313,-0.16552815135332738,-2.839365699736312,1.1038158208486917,-1.630886515767215,0
1.1822377063952711,1.0104138262506557,-2.924255832074205,2.5976208884323313,-1.9375273698219775,0
1.0785444122739514,1.4458646596420308,-1.3981801780867456,3.660251177536314,-2.631815935959245,0
-0.12945026437937143,-1.3121824775277826,-1.1622325570695557,1.2198256940783176,-1.9383729571767687,0
0.006392063860438796,0.2871333541229858,-0.7364067311898006,1.7222573828256604,-2.081044115398407,0
0.5681746276257432,-0.4927727282429369,-2.177767669406176,1.9471160402337497,-1.9624108436763112,0
0.25479875885009234,-0.36624169747817953,-1.1483743539969486,2.064678702612006,-2.1966062272444526,0
0.7655127850308712,1.4067808557880386,-2.3050889074974457,2.1597181978783917,-1.9147020608723377,0
1.0057852243744934,-1.1079830420429075,-3.550071838835443,1.7884074179661993,-1.615948469760807,0
0.9004159765639403,-0.554337967313331,-2.6518506180934605,2.339745752387032,-2.0187119314134145,0
1.15074607875159,-0.8063626971363014,-2.759388691334818,2.854545005014155,-2.1945650500207203,0
0.14115840596299462,1.410213804814408,-2.3208169817941124,0.7493505224098709,-1.4530397308979766,0
1.335239086218766,-0.7844906432421096,-2.471914023877119,3.3559591342159436,-2.3106814145895727,0
1.0075328539399133,-1.1177788402369702,-2.605589803280121,2.709026944373489,-2.2147012590153676,0
0.5560284974544586,-1.8604479999243069,-1.8160734938662402,2.154695502293945,-2.0603529801316203,0
0.6949427580007271,-1.1416718217393904,-0.9467764417779088,3.250549009078408,-2.649618939070782,0
0.030186872520889904,0.13227279049742133,-1.2311471054017114,1.3182249632133471,-1.8094103470854732,0
1.2405731545387821,0.1443434672966939,-4.099678147277739,1.9056491453434312,-1.5704116154962742,0
0.577795735567832,-0.2641710099153342,-2.568305341441427,1.5236430109279278,-1.6531460609309596,0
0.9950297287206519,-1.5443773533483862,-2.74289146528087,2.5035889234703963,-2.0723792135836505,0
1.0735486796463423,-0.001736523275695409,-2.100811884991433,3.172822417861923,-2.3995690114599553,0
-0.23957966537347378,-0.629352099686685,-0.8928523149026657,1.1147775859760394,-1.9027382536593858,0
0.17533572491801908,0.3778292212221578,-1.6464583412410592,1.5580286774869305,-1.9859874078414108,0
0.41509045079453405,-1.621394156122169,-2.872236505460343,1.0931181707969162,-1.5824440686479364,0
0.08410593585207454,-0.20631480361932888,0.12481839138821194,2.7131321205192522,-2.6624866661660875,0
0.6434089904387433,-0.10622149384201134,-1.284233834991259,2.8329426155722395,-2.42517424861809,0
0.9382467619376298,-0.08725601318294572,-2.5432076115157867,2.5227888456823555,-2.1075306685376503,0
0.36192202071432245,-2.0254180833204796,-1.8298878137192485,1.8163235798059465,-2.025308624635851,0
-0.3661516625198095,-0.3775546564089599,-0.024188769338060467,1.5996501423664538,-2.281536859275649,0
0.7004968061033336,0.21482650611660128,-2.0357242301128626,2.2907681495741192,-2.0536816434167853,0
0.17251158936120795,-0.9788142460811394,-2.0719463819702013,1.1427924922404582,-1.7190294183321289,0
-0.590270616429437,-0.6099007628719224,1.8730960628844469,2.648514242523704,-3.0133754225632563,1
0.4874096674415965,0.8965886542360184,-1.9985396301070746,1.9803154099122906,-2.0590266829568113,0
0.232919864401369,-0.18138540310928583,-1.7178379171934972,1.6553966098333095,-2.0223462789695406,0
0.6571388832095273,0.6546766174823133,-1.4854900686992476,2.7110071736383934,-2.352624086540447,0
0.9835454030234595,-0.015917845002242307,-2.3224654791089816,2.680484348902941,-2.1143866615238283,0
0.7069351506235726,0.7847815840141892,-0.9399891556346229,3.2794236963405243,-2.657856749331848,0
0.4455666165632781,-2.064957387584735,-1.4235837175467072,2.2768280183910155,-2.2161419031561067,0
0.4579899876594718,-2.664332321074447,-0.9596104727408927,2.6291607843391773,-2.3866791040058946,0
0.037639707605920295,1.0544121122194114,-2.9505374298078335,0.08968526721077064,-1.1716517306523804,0
1.3680677414803233,-1.3834625118283659,-3.589442086974211,2.555670634216395,-1.8489163685714203,0
0.8039749755335175,-0.6302864440651417,-2.906515069225729,1.9304653438436485,-1.843861063434546,0
0.557219207660733,1.3704096939838664,-0.9254224682478385,2.8364911615848674,-2.430172861544735,0
0.5617743007170992,0.023895096986299567,-3.008037606112355,1.2274003083747669,-1.537945743923333,0
0.5286502693155433,-0.927784109060761,-2.8527711112569127,1.417111664524231,-1.7308053910770997,0
0.8754846448336268,-0.37670042990356545,-2.0238386919430633,2.650775948472461,-2.143169672244566,0
0.7852273702902888,-1.151868384586774,-1.108794388077802,3.344532268041039,-2.664386643845055,0
1.063766295311149,-0.0001191485590934855,-2.9606221044193486,2.5800464700278933,-2.125189612301769,0
0.02022888644446966,0.3509425048957069,-2.023023631119124,0.7990037781902928,-1.5862853652169937,0
0.620576054021627,0.00946519402268165,-3.00848444240115,1.4599352191393629,-1.686795400148431,0
0.1639693547225699,-1.0359109850124564,0.06801326308130662,2.8966308030586934,-2.7474821751303016,0
0.6585249524783926,-1.5613523357772998,-3.407374161936458,1.1753495948462866,-1.4805679826923097,0
0.5870535021291158,-0.5540552934127837,-2.3900713920606496,1.7261472393812451,-1.781855958356641,0
0.9647211518171662,0.23882938618641383,-4.664032528969813,0.7891980227097253,-1.0638683632007135,0
0.09977242437037136,0.2349778748162469,-2.826703955257199,0.5136487011334621,-1.4680176646124758,0
-0.08117075793760725,1.0146453864394118,-0.9385236417021754,1.4574241621259951,-2.0230970869026534,0
0.15141615961083477,-0.5138386168427719,-1.9984073360660615,1.0882657653235333,-1.6676354020678978,0
0.6983147662700745,-1.137687456550734,-2.7731158157037434,1.7111314980399737,-1.73352854535618,0
0.5522094543506908,-1.3446490274694252,-2.3405135835631183,1.8073955324004543,-1.9044803891141995,0
0.13629324245244134,-0.44309487395607067,-1.6369248303975032,1.3665353923524026,-1.8446635846339126,0
1.2777828803432394,-0.10648788318054717,-2.698865710246431,3.069843217769306,-2.191174780134455,0
0.2595762667755754,-0.429063876901458,-1.3581278200705673,1.9346991974405876,-2.1334079937143704,0
0.6924068093387447,-0.5655112882176463,-1.16602494310797,3.0310361899004494,-2.507990342662853,0
0.47472369703264344,0.08432382724223389,-2.0158733067355743,1.8326993028906562,-1.9313824513105908,0
0.3543931881453258,0.6186301201097418,-1.2128831187577207,2.237903301831988,-2.241804677843671,0
-0.08868233552530908,0.297083451490835,-2.00968894215633,0.5485762717963047,-1.4949265360468365,0
0.6361925027533873,0.12407272571949352,-2.07615646225931,2.042864195344239,-1.9134001012621176,0
0.35649423144040765,0.10940759902005842,-2.573825968842612,1.0094996482024716,-1.4745463474945648,0
0.32143161968065925,-0.9976745727406487,-2.1632827852556686,1.4092251692486464,-1.7924188400046424,0
0.39708782274397963,-0.35870377304891893,-2.246206649129249,1.3645179857878897,-1.6548476702859674,0
0.19364069545235615,1.4580252755643248,-1.335971296948768,1.6811551179175808,-1.9657007239993234,0
0.3747208723192541,0.09697017676084972,-1.3407053714609867,2.1653210416531197,-2.1820093842234183,0
-0.42356070768581566,1.0033827642199402,-0.37271985907985994,1.1836079646259194,-2.0725319673584535,0
0.5446191394843812,-0.6810551606146789,-2.2967644198573414,1.7729263603971086,-1.8637340243874256,0
0.20838194551685316,1.5834772772495995,-1.4129615082012643,1.591304714496687,-1.8772269163092035,0
0.7668726062019627,-1.733826354483668,-3.0856485267311955,1.6691494759718422,-1.6989274588260899,0
0.4819144221083446,0.326624217565134,-3.7825380969942017,0.5321298198906448,-1.2367072196459568,0
-0.13794909979763462,-0.8912169480418995,-0.47113155561634823,1.756265525845098,-2.2483767963030754,0
0.2831128915231197,0.053307420598760376,-1.0080987430809532,2.050422148088957,-2.081612109736065,0
0.7811290146388851,0.19332032475446598,-2.0282662020467117,2.411127587486547,-2.0463778921571065,0
0.576684920525381,1.346669723754866,-2.6612831325773914,1.4842332738938204,-1.6494712091585226,0
0.6385057261878312,2.484969953586654,-3.206319309264045,1.2800904726484994,-1.5453493721210108,0
0.4079293261304392,-0.4540335803194438,-3.049139383200052,0.8596899920545127,-1.417371519279855,0
-0.24057518282099197,-0.6859980417194214,-0.31595653234412935,1.6286390316722434,-2.2209548447265135,0
0.40430318091931766,-0.35071044462349615,-1.5913953042179436,2.0564335106724645,-2.1165260352026865,0
1.0436924901861262,0.2767229725883162,-2.2200311403178836,3.0009817069577145,-2.3136578835710133,0
-0.39256809252571445,1.1438367264203908,-2.735381267025802,-0.7138509731840488,-0.9429113039451771,0
-0.42532337060915004,-1.0418475454405287,-0.8724581834340068,0.7611253025644253,-1.8249009994426384,0
-0.3782411121097488,1.2083478175735631,0.39012176339101545,1.8502569920756577,-2.4042338288786604,0
0.8205810033897404,-1.001062213384433,-1.8653780144660397,2.6528728780439836,-2.173234719913406,0
0.5942757907017486,-0.8908896119420586,-2.204952687647239,2.02481795176643,-2.0121208331384577,0
0.4594604406415884,0.5205530577324272,-2.133955819235285,1.79950965030082,-1.9668666236829435,0
0.523845808884362,-0.13592728985576719,-0.5250912733942492,3.199678298507034,-2.7109060499632225,0
0.4869510253908422,0.31470630755446866,-1.7900941855520303,1.9744012622902145,-1.9731285938235437,0
-0.8351618560309706,2.501645035135113,0.47936171763679214,1.0509966287884795,-2.2718773877371,0
0.544751437973994,0.06416712562467415,-2.610866558854424,1.5669726874680003,-1.7686102269824233,0
-0.4902724291483948,-0.5253888696369459,-2.2866294277780495,-0.4716646279608212,-1.1822842911780378,0
0.6582250370484527,1.7348318912272276,-0.6058496971169967,3.3665256008445166,-2.699288462946443,0
0.5162093041944109,-0.01016572074277691,-3.4166477003933595,0.9092051868139677,-1.43559748955076,0
0.565070601791222,-0.38479553417306533,-1.5940349200283634,2.506103795589824,-2.328760568729602,0
0.8368841557787948,0.8525958032951028,-3.1438296364742087,1.9064269956515962,-1.8568586724983855,0
0.44040378915652323,-0.02683184370905971,-2.607309309105049,1.2070840082380359,-1.5587633109509094,0
0.4636677385029444,-0.24015281230749122,-2.153660294116546,1.8315723112836522,-2.0012939650273216,0
0.08320855896411682,-0.22094226150476054,-1.1169980643289281,1.743899603293447,-2.126080163819972,0
0.4925367858430819,1.2046744399937044,-1.7934276668995752,1.966467223508348,-1.9570335329698951,0
1.0214931202124449,-1.9321671625260497,-3.8167399234553248,1.6245501142436227,-1.5214424103148299,0
0.5637670341085199,-1.1354666958101698,-2.629663648376052,1.5671503935964084,-1.7452213286062106,0
0.831949819262524,-0.2278879815506622,-2.2492866413588994,2.367078971590059,-2.003051158002048,0
1.1416111641023379,-1.2975096399822306,-2.1080539458652336,3.3502502280497692,-2.4782006701310113,0
0.9537066948565627,-0.1268807141021942,-2.2005269564185617,2.9097892347736805,-2.3563279470616276,0
0.43788912028552285,-0.3125161606756704,-1.9017246864180155,1.7809599594889869,-1.89275973723562,0
0.5611591503548776,0.8534214514921151,-1.8161808573700353,2.0657737988654605,-1.9587669587228442,0
0.15193114034266775,1.8065346714593336,-0.789582299123551,2.0190660991129463,-2.1770641406532145,0
0.7249334070327846,-0.2247456205149846,-1.9080067945981154,2.456809548129801,-2.139014449586767,0
0.5403941510487552,1.9928326252700297,-2.7066925454636475,1.4934119646522939,-1.7354616393940603,0
0.5822348197948823,-0.2781192303112381,-2.151304288605799,2.035786385521358,-2.022449765282326,0
0.8498489101115044,-0.07436859881871455,-1.9317973074287431,2.694590909231659,-2.19519106225982,0
-0.8144522018200401,0.3770920937424761,1.909254832492038,2.1432268600610396,-2.8326545844886675,1
0.6048718945781395,-0.09530972104935061,-1.6714369907786497,2.4499684681764733,-2.235196026157747,0
1.1482094362231945,2.633537940031605,-2.717042078969453,2.696159973179251,-2.0161363631024343,0
0.12557314421553317,0.4508913752125149,-1.1515654528188928,1.7821168233525442,-2.110838952623785,0
1.3004828965549158,-0.978322207591943,-3.2460849910932756,2.7604858059316397,-2.040913305541734,0
0.13778400973155916,-0.6590067582323337,-1.3834836668283617,1.6770379852464816,-2.07027182653295,0
0.5674428892821859,-2.5108350014014515,-2.8742194368848106,1.394705757117097,-1.6526782692795727,0
0.5418322096171968,-0.5038467528248772,-0.6483126141559465,3.1133705291126423,-2.6387283479773607,0
0.9583521898585706,-0.045861259369021544,-2.606060763265353,2.422714451483473,-1.9941764963864086,0
0.047184235603472575,-0.7419834280919447,-1.5288255054604263,1.1241661688936242,-1.6930883806463777,0
0.24753716137590034,0.8089247222790114,-2.241726812986028,1.2586515851236797,-1.784486387107295,0
1.1055977305857814,-0.4595489411617563,-2.0352435409541374,3.332075939092225,-2.4894197032245478,0
0.7081572020040975,1.5991566845286143,-1.8095124087051542,2.6719229916940854,-2.3539332791231273,0
0.8715634250835005,-1.0372657409627284,-2.390716350351816,2.369481238372695,-1.99592417283148,0
-0.14422316751246436,0.21802509213256502,-0.3427794596497977,1.7768223023348646,-2.230590722048249,0
0.4816751026223304,-1.4091069277559771,-1.319236931514865,2.2859840034341756,-2.126943406749971,0
0.6731994968499234,0.7932854051651251,-3.774932161808045,1.0417342638627796,-1.4584032244848903,0
1.1003743527703373,-0.22565670321806863,-1.3173554082596617,4.0682080861936205,-2.993322388622044,0
0.07836643290128291,-1.7381116395453866,-1.362725886169189,1.5241867858679892,-1.998198506002356,0
0.33527139994756133,-1.27040874397943,-2.6986323704565502,1.0753749332952838,-1.6262402311077633,0
0.7115040722386119,0.21911060003441002,-2.4987001070032333,1.9798324717846418,-1.8882126395758374,0
0.07645987328436636,-1.1326690518768963,-0.9420253385566386,1.8991511249808373,-2.232414500344743,0
0.2762231841209214,0.7601183762563611,-1.7429423711897427,1.5708837912503606,-1.8731455720245866,0
0.2784281297583119,-0.8047245724183811,-1.7606847516649848,1.6933472454868514,-2.004923569004623,0
0.6033768166835247,0.6084077537992262,-1.7489443485439249,2.3854117265999006,-2.199786519933601,0
0.6933508594413188,0.39167061561527167,-2.374533853540954,2.0701224419215607,-1.9644748549134325,0
0.08358207162177748,-0.7250967209741775,-1.835787945338666,1.1427326949948537,-1.7720131675055892,0
0.004171336399523901,-0.9159247272624271,-1.01055977486702,1.600897873070699,-2.0630877878440748,0
-0.2771271109540188,-0.17194793491127605,-1.312793500675352,0.8459356378317944,-1.8435525407039626,0
0.38896527223707944,-0.2216885799990672,-2.323777867888625,1.3814533731076173,-1.7157207865229753,0
1.2194075792398205,0.4730509282332128,-2.8289456719770922,2.7573792687579584,-2.008128866358979,0
0.5041389292823281,-1.1748413083829365,-2.0210226243736673,2.0056938879329347,-2.0672110841058653,0
1.3157210874667735,-0.7286780669457907,-3.4417721950133524,2.63439583416564,-1.9594093017889957,0
0.3054587161650879,-0.5361721666239897,-1.8941226329561802,1.510360940083563,-1.8205764489325158,0
0.607344730315509,-1.4494197291774182,-2.016477324494372,2.1363786417293236,-2.0352688802807015,0
0.7222525106258607,0.13164456691928453,-1.8880244059719795,2.3807846335882945,-2.055873688786461,0
0.7501939381259205,0.6181091025405885,-1.6417807953912025,2.8882750770169374,-2.448084410754018,0
0.4534978931315884,2.765979614439267,-0.8189685311901704,2.7238913070658737,-2.43909532298459,0
0.8396784360250259,-1.702128706538388,-2.696229917813217,2.2112576124496472,-1.9994791454035319,0
0.7636411431946255,-0.49435433785671684,-1.3759673951643698,3.058093471204001,-2.501908069226574,0
0.2471038515477469,0.5225619208753273,-2.354098386531908,1.1067900767296146,-1.6691963245741859,0
0.21141349586918506,-1.847408384527915,-0.46723170267355374,2.329825933329322,-2.2823329597819093,0
0.6093314212192755,-0.5939031720203022,-1.3167437752591042,2.734574954232047,-2.3897457686263954,0
0.5873968778436921,1.0499941674505682,-2.2091835586538164,2.0138870844575965,-2.0134355954809036,0
-0.28901104617628587,0.6764418164947713,-0.5268991180103699,1.344878710817591,-2.083118241400392,0
-0.021228381405570543,-1.5630894981604142,-0.5450466602544657,1.9876230202554102,-2.3304405447576464,0
1.2412940002080564,-0.5690273622751935,-1.911075237374959,3.5923491820511053,-2.4946249247700525,0
1.397243202988675,-0.10611951556933184,-2.1887843445028805,3.6451937712994793,-2.404409231706004,0
0.9201797510500431,0.6100231697844505,-2.288038442184922,2.510835522093961,-2.0258128956197483,0
0.5983169371568196,-0.2828867205196255,-2.4030309348788124,1.782985731084669,-1.8282392038068696,0
0.7037444783437456,0.44350172058452486,-1.7000518919117882,2.518535315145601,-2.1578919577038187,0
0.2915042576171941,-0.5615879353732794,-2.1461094722524545,1.3194136227110413,-1.7400682251586312,0
-0.04327895728142881,1.1511294059581902,-0.9692358520892999,1.5967285548828176,-2.1196948720052706,0
0.22478617187435893,-0.6053929239275391,-1.1381375372055242,1.8793816076051835,-2.0468733067312836,0
0.2916314932281151,0.7917964128034704,-2.447808361076695,0.9994908085554948,-1.5205736274522192,0
1.134522874369248,-0.019468699077097074,-2.597862029776989,2.905089287603875,-2.2115746010874346,0
0.9914491631283633,0.33607116792566905,-1.9796337105738848,2.9748965069476534,-2.2782191298956973,0
0.02532945180718591,0.3144794724834049,-1.498134335634505,1.2276473899211648,-1.8252643946447114,0
0.7647361770084017,1.2024777476530082,-2.4087404054724666,2.247228426109268,-2.047786850255247,0
0.9854617298632373,0.17252678292308982,-2.9945569953001643,2.349877342058434,-2.0237085778605657,0
-0.2614787437713277,0.43374922088634593,-1.4006836495613117,0.5368325735586812,-1.5277427927454685,0
0.5128965882741003,0.4990855654659427,-2.5265723617342744,1.4068465040004323,-1.6196994641009175,0
0.7486173576513375,-0.7242465320583404,-2.3509145466880748,2.21559643941039,-2.0184124621275132,0
0.7553748337831223,-0.2855036969711149,-1.0176857750277528,3.4215401716963108,-2.7584352312605587,0
-0.33135215304065835,0.7099291292005268,-0.6358467239414138,1.0178323711809705,-1.8506204664830515,0
0.14080950035189274,-1.0692868554188253,-1.8228349936328208,1.1584146799805435,-1.6906911787028123,0
1.2363965104178245,-1.0122733568370152,-1.7866832210615249,3.817892622258192,-2.691236674557558,0
0.3826580786725192,-0.9202385297763772,-2.2649417471225424,1.533240205198712,-1.8625189226908976,0
0.9653804643402875,1.4903794701929813,-1.8228733345546022,2.9594418310365187,-2.2437742413060655,0
0.8342548999460587,-1.109952837036249,-2.3742755348649536,2.4433216249822007,-2.127549980888956,0
0.5509264444981307,-0.11994127362647256,-3.5421722613139766,0.8038213205546998,-1.3171666215717908,0
1.7036422981303474,-0.3341364484598427,-4.41390819837122,2.7009886386466415,-1.7755056749677598,0
0.3190574371229413,0.15725843678529833,-1.9688852780330028,1.6450161509629346,-1.9686789207076563,0
0.46789414443130906,-0.18241813553953884,-1.18092213938303,2.5723469861713237,-2.396405429757166,0
0.4746235901163598,-0.2283383352994422,-1.9710360382402676,1.8997725220413146,-1.9846256388962826,0
0.5096061698498051,-1.6376049174566718,-2.4142858879249087,1.5418328202798541,-1.723351549728601,0
0.4525460340942969,0.4879054450741863,-2.1454993317670508,1.760736882034681,-1.9418450359029666,0
0.5855847041627305,-1.4281484954450976,-2.2762064076491964,1.8874741065685825,-1.9095859274094646,0
0.8010781278188716,1.2530889173020765,-1.8756118096604806,2.9158721322837566,-2.484779237026124,0
0.06792751924017015,0.18911121660394065,-1.7242221084346567,1.109425479629166,-1.7193908222790846,0
1.2301866360910738,-0.2515808307655791,-2.6049184363642546,2.9644765656052163,-2.121521213427515,0
0.508318246576147,0.15187760961393976,-1.7273928930237705,2.176317125465641,-2.126170911783818,0
-0.4968443576854142,1.9511420482977946,-2.5341338740963435,-0.7845176117199144,-0.9601565859764685,0
0.7558862992169891,0.2214776976759162,-2.061881115485539,2.495918002082803,-2.189248144934021,0
0.29903960011971914,-2.7222777409231447,-2.0151757066432774,1.6080790950169925,-1.980235709660373,0
0.7924090871717563,0.3450753769458505,-2.9736304604731725,1.7623233197667818,-1.7120721165566122,0
0.9660004747734613,0.6052237010182555,-1.5649525969917737,3.249716019918755,-2.4478390477866827,0
1.3261552629351312,1.366154628273648,-2.3453839053049363,3.563260439882315,-2.4941128923682134,0
0.9581001684021826,-0.8214695290296501,-3.047695667175443,2.0232050043925045,-1.7457820536481066,0
0.4372645358791461,0.3593025800857549,-0.8859177007971155,2.5601679260932158,-2.319446000580057,0
0.7084196531281394,-0.5072714105938124,-2.0079311005284644,2.3202060642274587,-2.0610023754372775,0
0.7723850627030814,-0.7658600900863026,-1.8270133682114362,2.6119738928290164,-2.1936505701753255,0
0.5316253128936885,1.1446062820500897,-2.569966506924917,1.4434911780334962,-1.6445336367475303,0
0.3068208784989827,-0.5171370804487624,-1.9841069686389043,1.5549222044325048,-1.899851618610926,0
1.0929388355162608,0.18729554982321833,-2.2302046415957353,3.05576938903916,-2.295234589126899,0
1.2487167684247402,-0.5124052146241178,-2.9150220199071004,2.8052757180677226,-2.0440868995960635,0
0.46856698794395707,-0.6302185531976071,-2.506132185405677,1.478249548324516,-1.7586072288867345,0
0.8747087039874398,0.3980280299618697,-3.2601341114654008,1.8249079982379792,-1.7548745165957997,0
0.23761327207762253,-0.7492156170889224,-0.6589639074669063,2.493043906462612,-2.4851148775693392,0
0.42126403676538476,-0.561782494830015,-2.5509834334548467,1.4038568077647593,-1.774540519227464,0
0.39490672207244004,0.006211355621786128,-1.8277260336108663,1.7439888182931589,-1.8950942576015088,0
-0.37574760256045847,-0.7150632206374263,2.1376964692360754,2.5200972770743717,-2.4287234411566683,1
0.6235458497705998,-0.5026196138317597,-1.1367905930463835,2.9058968756561483,-2.477035342478596,0
0.2888607195539624,-1.4040012963810977,-3.4378547418143164,0.33577278024470947,-1.210640097790492,0
0.38606679939185035,-0.6544018951685149,-1.7852478374184,1.832784431590781,-1.9862113762693239,0
0.08739689902959724,-0.65695517639841,-1.785195626430011,1.1442456600315252,-1.7478932858264398,0
0.8152445334611201,-1.4627663071111208,-2.4912561288945003,2.267256189021664,-2.018758109860359,0
0.1131557865165491,0.47291708452549563,-2.0465878991924433,1.0006822572520209,-1.6563515746725472,0
0.3704194405642601,1.8276809829496963,-3.0545268100754726,0.9212603157404984,-1.544871429628586,0
0.4976958710888627,-0.5777505081541768,-0.8508450423639733,2.802204270519936,-2.4619175896608088,0
0.06844833757619773,0.8074447180083516,-3.158977863607223,0.07874873126430226,-1.1906610860757945,0
-0.1191069987641463,-1.5534277984667928,-1.8506613000547436,0.6454778852756042,-1.584569175714101,0
0.3839496257588222,1.7786551265382484,-2.864133113807949,0.8916983386090891,-1.4184452554216591,0
0.8287991359525,0.22374831957430621,-2.5917262033208437,2.1409898474703697,-1.9030558043498806,0
0.06075952910577686,0.7800702973910638,-0.8886988914543434,1.8665032227105167,-2.203031867878999,0
0.7665513148505305,0.29760494279712235,-2.7000241300970065,1.936729178873343,-1.831425275347256,0
0.03571833352058383,-0.16966815878122207,-2.37559241815097,0.6813780733832699,-1.5737939745915117,0
0.5608245731233285,-0.7345580968654715,-2.066325329145061,2.0187653504531045,-2.0065080281417016,0
-0.2220420494740518,0.38196645752409497,-1.3658113363131252,0.9146953650927971,-1.846857685303745,0
0.8380000090333919,0.9994190326779112,-2.2733607211745746,2.4948610208197164,-2.136619421029213,0
0.1614493407444817,-2.2481428867921633,-2.518158472936099,0.7834315713773456,-1.5320568216136912,0
0.8062547712777174,-0.21645222277144752,-2.280028635018241,2.497495708843074,-2.1934238311086753,0
0.8453536970543356,0.8266415353898965,-1.4808391381373014,3.1465504420084756,-2.5027223858410763,0
0.5773817879469453,0.5794189828989692,-2.8093041101899274,1.404733952660621,-1.6220381817619316,0
1.001576405380569,-0.34829345358145714,-3.445511456254077,1.9240358721979247,-1.7247446994948716,0
-0.1576885656644147,-0.3961260979892287,-0.39360210007513574,1.7763801146272578,-2.271568994516763,0
-0.005675006738810921,1.1936448655732277,-0.21299533357120004,2.2280323015398045,-2.4293635640814353,0
0.3248198382012273,-1.8259842416276302,-0.9679629486882833,2.3232828620225887,-2.284832019292665,0
1.0939250720260654,-0.37418027599018366,-2.1611536335709447,3.1780707720942174,-2.3953261909328756,0
0.6233643416620213,-0.9205828940058789,-2.7443995680820312,1.7484578605688796,-1.8831282922116603,0
0.5384754781975426,-0.8021545915096441,-0.7472340407804936,3.0034095172994584,-2.5669556855597397,0
0.7116945966454451,-0.3326571805631725,-1.1543200012253547,3.064538028519542,-2.5073583897729863,0
0.6727728784275139,-0.7067297635192396,-0.6441935939790016,3.504781483159694,-2.8355771248614485,0
-0.07137649042198146,-0.14507659570363216,-0.7733782372177167,1.5910946494537554,-2.083757591540695,0
0.9532170953324365,-1.156978475142292,-1.5773786176233284,3.307151500963522,-2.5336285420579805,0
0.6135767022916484,-0.4879933162072253,-1.8249854137963937,2.3467513072421653,-2.1720249840562205,0
-0.06258439402885435,0.3497695206060582,-1.2807740735638184,1.3741563642338508,-2.0376564158926174,0
0.1395107551724371,-1.1326637535596475,-0.7427720670432907,2.203505718903038,-2.3726778228888414,0
-0.11952787677409221,0.559577061510467,-0.8395655218955078,1.3170023164134292,-1.8997461231556132,0
0.8782705073288487,-0.3693867320636845,-2.7583858276566176,2.0623927867821434,-1.804686685966813,0
1.10745339518156,0.5251903903377283,-1.719712403760965,3.3534369314466446,-2.387067945142729,0
0.5879498903769244,0.3388915982185217,-2.0405643145999446,2.057804743288643,-1.9935563402118142,0
0.12780481200521016,-0.5382361859911543,-1.3203446436904474,1.6561798327785882,-2.0401988242899556,0
1.0977611375156209,-0.6528084841698033,-2.794851141181799,2.572917430023354,-1.9986266692535637,0
0.4944715868706819,-0.8135303493662359,-2.757825007491456,1.5215901743545415,-1.8592129851840427,0
0.5551842870484366,-0.30045486881775135,-1.4128094151887587,2.3794529805226174,-2.1419564793459775,0
0.75411403674484,0.6084420694741921,-0.7493856602644116,3.4859282866055548,-2.724511925505139,0
0.32339708811973045,0.5863329755781368,-1.5474624120310216,1.8434160660746333,-2.00721281088449,0
0.6472706210061482,0.8618168032188236,-1.5577739811584852,2.540783472091891,-2.2178929313393123,0
0.18921616805399954,2.441504342169468,-0.7889587086028307,2.1875743589822827,-2.2931985714168324,0
0.2758184928432865,-1.3440446284718441,-2.3834708603183734,1.0346523537663106,-1.5582800671383306,0
0.4666248951728798,-2.206418848383733,-1.3711491988119768,2.5162202716817275,-2.4129724842529336,0
0.7636610444826821,1.286503119071931,-2.711382687043276,1.975934941986768,-1.8816345005567057,0
0.7305368801816984,1.2691726564583794,-2.1973277965391893,2.2292102827027156,-2.0027442593349525,0
1.3929248988418728,0.2635467405781687,-3.7325280029364833,2.363220251959618,-1.661884850062759,0
0.4576503827089932,-1.645592614041814,-2.116701759618361,1.6713814557212672,-1.8286925941911216,0
1.5503982803032903,-0.8327052186054525,-3.341143136838889,3.1907296105368106,-2.1238952585330977,0
0.4490341812266695,-0.0946237926492889,-3.4490633431142204,0.5709471915429625,-1.2020643256888577,0
0.5921064172766854,0.03390078412545998,-2.7569694442068613,1.5582586104734286,-1.7390710476980566,0
-0.4872807380034651,1.7046510059281352,-0.9002859726022914,0.5555547324369581,-1.7203729292409715,0
0.6141585202512151,-1.632602745687323,-2.6438364149600684,1.5433722753100763,-1.6440422105386832,0
0.2529034677340801,-1.4891464178991283,-1.2284745452162937,1.9025452818325188,-2.060454624124394,0
0.7645499878518456,1.1162463905181252,-0.9123548812479201,3.191681659389756,-2.4617140528908936,0
-0.271014989064659,0.17698631145506066,-0.9850901755667496,0.8025418636321617,-1.6616529873031967,0
0.583595500933618,-0.719006667681404,-1.912014759455772,2.2820849687131757,-2.1863577208807676,0
1.0409763439098183,-0.23937685150891483,-2.6264062888613555,2.642842888062062,-2.099064225299078,0
0.5196654288949557,1.6648018292404523,-1.627687493228603,2.4574594522968,-2.3643146357285083,0
1.1212996739752554,0.6283820360376229,-2.4209914820500127,2.9405745391875144,-2.201997369553657,0
1.1854930449310372,-0.3119870086480041,-2.0733118633985774,3.400365014369461,-2.446238802840598,0
1.075699300869345,-1.1501720603143877,-2.341322091324411,2.9045711859294814,-2.207403555121514,0
0.6767451509639395,-0.6119221214117702,-2.587112691745403,1.8810923479593606,-1.875069869686108,0
0.45395779229894656,0.18151333150755436,-3.384231687694018,0.7742266282801604,-1.3823744821526196,0
0.3122189314309777,0.2666727637833204,-0.8735067600910063,2.4227991502650217,-2.373238815201141,0
0.42087825546501184,0.9425452284534718,-2.535787971320274,1.3874999106252355,-1.7521382770312095,0
0.2607475730318803,0.9958719766589276,-1.4999204608353873,1.7942078181822039,-2.038800743256245,0
1.2214849319701435,-1.4019080677162379,-3.5713046851660053,2.414715969173261,-1.9316536033106069,0
0.4607343012313431,0.06863704842771541,-2.5559876792528935,1.4114377724984872,-1.720435805761138,0
0.34315409644529715,2.1640073739123564,-1.9447456825303953,1.618576458633036,-1.892553032262079,0
1.2283663804565834,-0.5899092978657563,-2.643161392983461,2.9794670239272905,-2.154959759874856,0
-0.2829955501666504,0.5074209278332887,-0.8438772558937047,1.0060709277186772,-1.840156544495931,0
0.024673511697319184,-0.2795683042665431,-2.4068965755287075,0.543629563276558,-1.4592345259485553,0
0.7091970070463045,-0.4691413650790981,-3.5179430944715917,1.2604588175835603,-1.5303919404898876,0
0.4904830867078188,1.0833404379113156,-1.5290415350517872,2.276830229882062,-2.1840182504831653,0
1.2739352737138099,0.5102276451696075,-1.6720471965969184,3.9195987766920592,-2.692865840162062,0
0.050691121278204306,0.028012915358889258,-1.8060236329088795,1.0108415641844029,-1.6754526371273701,0
0.6491452523295739,0.12652320501805506,-1.9604314095852355,2.2232826230351392,-2.0370651058119726,0
0.8080279325197691,-0.8979876415443887,-3.250931579810339,1.5354837794468128,-1.5557235319831901,0
-0.00893037285900496,0.1848678838526347,-2.4531438629145916,0.5467818220791325,-1.5348683922495732,0
0.5062977301629751,-0.13415564209226424,-1.3359046953927636,2.3439714310339976,-2.154304753227346,0
0.15473076919233136,1.2102435005068763,-1.9718470066008702,1.1502274769112528,-1.7170315550561763,0
0.48851177213535796,0.6731320206897123,-1.2176148332883048,2.398676937723936,-2.1948988317765195,0
1.1333033413008518,-0.2621451438679057,-1.4069126324381163,3.771215507031523,-2.6628479484197287,0
-0.7216889886463838,0.14615802918616105,1.9575583612965932,2.222915358634465,-2.7472441492672806,1
-0.6626390564027057,-0.05780102636265801,1.569877451513293,1.368533677836603,-1.9045696897864297,1
-0.5888830770898034,-0.6241875420890223,2.0065497701716546,2.60344620824622,-2.9123364292802014,1
-0.5617045518469508,-0.7439406466935505,2.003728686363346,2.6641410591594346,-2.9330518601888413,1
-0.23945819191575685,-1.0105113112697717,2.2977088214904304,2.6069607958522045,-2.237169009698486,1
-0.7425128509776839,0.06036837503396031,1.8976515671823733,2.30537240925886,-2.8906474823090673,1
-0.8193319803361128,0.2765137298322896,1.7514782571804792,1.9899349228305416,-2.740593354382314,1
-0.8260611064403934,0.1378179894652497,1.5339072202827873,1.778548120541064,-2.6136425871168716,1
-0.611768375019705,-0.565577414920077,1.8111910120139327,2.5413954586000522,-2.9597121958702237,1
-0.7231117174811891,-0.33601349599710856,1.4905661780234931,1.9865951340737493,-2.681774242376995,1
0.034829021887700706,-0.9244900803002555,2.7079335698549847,2.0192919280735864,-1.017517734793926,1
-0.4303566937705079,-0.6882930100925715,2.070339650664165,2.5527871673228066,-2.5775527569627026,1
-0.33461140759513,-0.2923008812013391,2.2922951810528596,1.8100636334014888,-1.5573053354132018,1
-0.6218247059374441,-0.5448436136489235,1.7822327522763255,2.4912868887173447,-2.9346093385898797,1
-0.6694188500654795,0.27825258251848745,2.0512731584407846,1.895649411618324,-2.2829242053543237,1
-0.32964782089191086,-0.2412894172481123,2.3109494127083483,1.7243893614970651,-1.4521580478174902,1
-0.5695510786568383,-0.707122570512156,1.967846516475599,2.659848685061792,-2.9551151368371387,1
-0.6261506699762969,-0.09168466186052304,2.0073069390995224,2.304987819371636,-2.659278574350682,1
-0.749525462987339,-0.2815545333166657,1.4145050271656892,1.8549810271608331,-2.6158396098451053,1
-0.3786403920306618,-0.7136451310581398,2.1341283985871473,2.5218289479042166,-2.4366073276686278,1
-0.06736366023149498,-1.2070348090047123,2.506006842692954,2.5865763383897526,-1.856393216773072,1
-0.8199429811335615,0.26392023601842185,1.7317229316023692,1.97074112221402,-2.7290662974013844,1
-0.7883694983920283,0.261313483433404,1.9205051089098732,2.1964423202216556,-2.8418682476120223,1
0.1737761595204253,-1.4610330475382234,2.7986315768567676,2.5422679783072373,-1.3060336843368219,1
-0.7061999525475884,-0.06830011672057981,1.4680488903483515,1.3803852861033457,-2.0269227816474515,1
-0.21076726983206145,-0.2322244397134612,2.491368875967275,1.475733007749201,-0.928877146261414,1
-0.5241546393344464,-0.7519564563209813,2.0417853313034433,2.6388298507300405,-2.830928813204219,1
-0.5811254198956523,-0.6528125569475407,1.9149170498807053,2.65351704257404,-2.9876604781022644,1
-0.6066343648767873,-0.645913882730192,1.8708774667319654,2.4493576676179636,-2.831777429120361,1
-0.4723919977410265,-0.846641633308421,2.112502783386996,2.65369522785094,-2.735319283416114,1
-0.3443742988988355,0.05673633005194659,2.369560521016317,1.3407859982413044,-1.050884387018036,1
-0.13751053884398917,-1.1269305209416398,2.421103180353912,2.5948851791716527,-2.011599968919735,1
-0.7229309813756262,-0.3710157157729692,1.5133794754154137,1.9291009319005856,-2.612346770307128,1
-0.8326743961033775,-0.11160779443773139,1.176026149871484,1.4381601596614528,-2.4052808167214126,1
-0.7893351431065835,0.266510497639689,1.905203643641456,2.1998387036715252,-2.8529023487854346,1
-0.3321646949729134,-0.26715567871073687,2.3014904559172304,1.7678320103834364,-1.5054748323647886,1
-0.7812548056996407,0.3168655365453785,1.9400480735698977,2.1555315463008773,-2.7798628448510327,1
-0.5926579665422652,-0.6074311711061341,2.0049215436381522,2.5957444575506816,-2.911002957087072,1
-0.4091219464785393,-0.723359913049855,2.1161276044940824,2.546798313855383,-2.519172928621722,1
-0.6242829125639192,-0.4670510793111164,1.9912807266337067,2.531221389236775,-2.8998315077876535,1
-0.2648961559366977,-0.8655423084506635,2.271022119298503,2.524569611983093,-2.202251371628872,1
-0.6507756533324436,-0.5415741379560088,1.7351863139529924,2.2518901631138393,-2.7484908099710728,1
-0.26266741881664485,-0.08593277695350743,2.4456037717840333,1.3608664975539866,-0.9101453497888196,1
-0.5879207665057968,0.2227120420339604,2.131077019105635,1.756529082834755,-1.9740161381271044,1
-0.34474114541011025,-0.3964055914241664,2.254225436912507,1.9849085517582683,-1.7718909806302197,1
-0.5671740037190981,-0.7182764642369971,1.9787168810099325,2.661149043186874,-2.948431152542456,1
-0.6966437063870352,0.29680618732326147,2.0246142660397757,1.9421232769794228,-2.386116542885448,1
-0.7323952490651018,0.17281126973383873,1.9519834125552589,2.2137181155796504,-2.757101789280724,1
0.003914731713982822,-1.3252938548092046,2.627193859681387,2.5850431815236274,-1.6924608773338705,1
-0.7190771865280798,-0.04281063211539732,1.8938715743254328,2.3581945245337668,-2.9095398142228945,1
-0.6101876060658185,-0.4028354062161962,1.6418599823919435,1.959714420794187,-2.4121081445384442,1
-0.35671993089629817,-0.9628833077104749,2.2374965676436878,2.6370229374953396,-2.482058979082483,1
-0.8055119176530688,-0.1758135792730921,1.2595241206422965,1.5596723996387205,-2.456531495552735,1
-0.4871523694841013,-0.7427578799455614,2.0656988187268306,2.609226303445933,-2.7306471012633846,1
-0.6834028582605247,-0.06280553846346877,1.521339697366469,1.3741828831451592,-1.9628906974085887,1
-0.7071406088077952,-0.09925373993622044,1.9555416404357813,2.362170261326047,-2.87056219134293,1
-0.7944681870307706,-0.20191839122580643,1.2934727567503135,1.6090768915033336,-2.4773690156729438,1
-0.6981333672582463,-0.13501891931049342,1.890493496976388,2.4054002198596636,-2.9264233801247608,1
-0.5731863738068217,-0.6900647592006238,1.9512223104639108,2.657860028536791,-2.9653370508808434,1
0.23931598516472677,-1.5500023256015654,2.8774590538554454,2.5449122022580117,-1.172134304561165,1
-0.006827604272177046,-1.3144986200037538,2.6155858261838154,2.586591518555584,-1.7159808796587268,1
-0.6235150331174787,-0.5413585545234084,1.7773652778543538,2.4828643459114,-2.930389902862815,1
-0.8002447004653723,0.3145414505977059,1.9069632715358253,2.175249433004873,-2.8441077622654585,1
0.26426654050554,-1.5857402005447194,2.907402017243043,2.547295010540295,-1.122629328938821,1
-0.6730340874406189,0.02503162884253718,1.9828938724487974,2.2647124880425142,-2.7024458273305614,1
-0.4049388426567956,0.004310134536677987,2.172281081832698,1.2984212087676872,-1.1807457854253085,1
-0.43940473135080216,-0.0039968681122324115,2.091713137516107,1.3077983393484707,-1.2775529776241066,1
-0.0019950679392339854,-1.2816825289151481,2.585127011649012,2.5788334817404395,-1.7117588851711223,1
-0.419492906558281,-0.7259380810586223,2.109425155578424,2.5550955671953526,-2.5472797889703678,1
-0.724617349014592,-0.3670295346894267,1.5081955495050883,1.921556910849238,-2.609164899904017,1
-0.7069042733286581,-0.3694294534592011,1.5372372135424073,2.067353400143196,-2.7222316577870678,1
-0.523385793003765,-0.024238066817512935,1.895397831127947,1.3306470576398872,-1.5134375314412623,1
-0.6475936508427503,-0.3635769555244283,1.9812260844887895,2.483661454829844,-2.891597035841498,1
-0.8201685330764652,-0.13590505256733787,1.2110808967311628,1.502981551084936,-2.4394986639475778,1
-0.8183726335934721,0.29628707107709296,1.7824965591570128,2.0200715612395963,-2.7586922580385203,1
-0.28321308093979164,-0.02802043694476941,2.427486783953058,1.3153944025039916,-0.9027300115130124,1
-0.5900452364273145,-0.6190288286364032,2.0060484949175517,2.601075102655256,-2.9119258988050514,1
0.09835188093010994,-1.358645780732728,2.707915656768919,2.53922496313352,-1.4601272301158486,1
0.2329355595862812,-1.5413409986622475,2.8697850503685225,2.544654782071662,-1.1851696616018637,1
-0.45525538222524964,-0.5171285642832361,2.0962952909690515,2.4517958958519146,-2.501929120782527,1
-0.3203130064691887,-0.023688639834800233,2.3837855735820916,1.363567462539827,-1.0302916059270568,1
-0.6245331558178795,-0.4659402735902787,1.9911727889812114,2.5307108282840605,-2.8997431098557733,1
-0.4533829901189444,-0.7343629837271061,2.0875229833526863,2.5822092198228304,-2.6391270083714113,1
-0.7934040709413688,-0.20443371429549506,1.2967438696677955,1.6138372497989,-2.4793768100661153,1
-0.5940108880712716,-0.6014256826444838,2.0043379867528404,2.5929841477566455,-2.9105250402470864,1
-0.6409065956929425,-0.5055012219451396,1.727284449128367,2.3962058682011174,-2.88697666230965,1
-0.46886923994950336,-0.5910435785858383,1.9407458428848796,2.297508263419253,-2.422123698776276,1
-0.44754421739180633,-0.5363255129067934,2.100310637784945,2.4584201936398635,-2.4948291732714885,1
-0.6270959834350595,-0.44777159372796815,1.8790357120262406,2.5655128074590117,-2.983689169894176,1
-0.7917371678478635,-0.19452387501256652,1.2929519952182171,1.644649030314873,-2.5104697277935335,1
0.05575286701996379,-1.300818292231841,2.6566800491645775,2.5375062931225267,-1.5471580008807855,1
-0.47806104505730806,-0.6649076085128003,2.011499386826843,2.5813437679433875,-2.707564185566712,1
-0.8227575832858859,0.20590775069629888,1.6407191520259783,1.882324032167446,-2.675966400438947,1
0.19327528794546212,-1.4875028063724194,2.822083990443597,2.5430546765001885,-1.2661965139352964,1
-0.5130239752387156,-0.021740651231163644,1.9196197615161321,1.327827919009812,-1.4843334368735661,1
0.15396453487497674,-1.4341390800209215,2.774803311055128,2.541468672360414,-1.346509291744916,1
-0.7149014182897224,-0.3899957363465202,1.5380625036992916,1.9650214462377398,-2.6274971020275686,1
-0.08613465193911626,-0.5835281115218183,2.6012688445433794,1.7515725603121184,-0.9738595379865469,1
-0.5505454326915639,-0.030784110090415116,1.8319090768569517,1.3380363778498086,-1.5897230577670076,1
-0.38016666762596507,-0.20905932103635333,2.2921989236258775,1.6912919428009539,-1.5065662086581821,1
-0.646851945719242,-0.36079302402940183,1.8822221971577708,2.520984446874832,-2.9677631782265435,1
-0.6971353181483688,-0.4319906671524849,1.592675830426007,2.0444986790604243,-2.661018516286409,1
-0.819826926375891,0.26631227033146243,1.7354752990824795,1.974386832479254,-2.7312557704923544,1
-0.8095385340151693,-0.16629559422498497,1.2471462260432076,1.5416591990177588,-2.4489339995315786,1
-0.6325117714712898,-0.05053971829218686,1.640303414885782,1.3603369507086738,-1.8199486928152793,1
-0.5472157671054705,-0.029981590791138366,1.8396925497833267,1.337130476096677,-1.5803707506435085,1
-0.6112378468716413,-0.5175894044997061,1.8764779162759642,2.6012557802857215,-2.996472984073422,1
-0.5492933952674794,-0.48393447661454825,1.7706501679402225,2.1052700907646527,-2.416423855848882,1
-0.40082492256859525,-0.7027699353685628,2.106765200162933,2.535108968729112,-2.4970681122793614,1
-0.5773632222489036,-0.6162281646312604,1.889016507425636,2.6407876664206156,-2.978198154416848,1
-0.6241797093675607,0.24742233209207176,2.095571845270769,1.8184244775722174,-2.1114510257944596,1
-0.6432872691298426,0.2604440394768885,2.0768615030110302,1.8510418089286491,-2.183875788412007,1
-0.6214928504797504,-0.47244022202727776,1.878131969672654,2.578141821477471,-2.9882060568711437,1
-0.41340598768303755,0.0022693748514669154,2.1524881649852237,1.3007248639922022,-1.2045281559658667,1
-0.5424234319186372,-0.3001236619470422,2.0509052677567334,2.3769139381664246,-2.5821878872374393,1
-0.5912187351955318,-0.42809819842449237,1.6819788108815015,2.0050557869422994,-2.4134525115889054,1
-0.5675081335516761,-0.6210592796254328,1.9011721285260852,2.6348882500274406,-2.9513395110020637,1
-0.4143170512742066,-0.7246513897196522,2.1127701598373942,2.5509546407803647,-2.5332524433306474,1
-0.5577328641009524,-0.6258512660059058,1.913229297695067,2.6290366147335313,-2.9246984035978976,1
-0.7345705283161881,0.022505032897149002,1.9437102680690284,2.306206131962059,-2.860872626817972,1
-0.32135362610132884,-0.15604883541110776,2.342120789430532,1.5812269383936828,-1.2764560530372693,1
-0.5820570031004026,-0.6484413106327271,1.9106569195545968,2.653007428101962,-2.990279952739299,1
-0.8058592041465176,0.3389486040626044,1.91296125806835,2.1607587975236457,-2.8356900438306076,1
-0.6684126799406919,-0.27116328898880604,1.972246193552666,2.4411852515251518,-2.8842427552090024,1
-0.5561533148573123,-0.09151251106410907,2.1488477170526,2.2389658978051084,-2.4218980438319133,1
-0.3663512305805372,0.07171350019484157,2.3480404567747684,1.3783014566136886,-1.1341851370830054,1
-0.8296801779592576,0.0632243801359764,1.4168927475616901,1.6648596647484244,-2.54536568176715,1
-0.6039973939894596,-0.5570965439782286,2.000030497985886,2.5726090931040533,-2.9069973268885563,1
-0.49477291170220095,-0.7189544485119019,1.9886835991610878,2.6372026169844007,-2.8020775162080143,1
-0.7470901159982047,0.20939414814947532,1.9443315222865005,2.201094448906493,-2.770631883132983,1
-0.37147634905939864,0.012375297905033576,2.2505034757127715,1.2893170717814852,-1.0867569120237193,1
-0.8236476928544654,0.18756147456641775,1.6119394771042663,1.8543623901245663,-2.659173715782674,1
-0.4693667978187478,-0.5903809297045064,1.9396935167366156,2.296318948900558,-2.422088435717674,1
-0.21697054274194338,-0.214739189164181,2.485898883365093,1.4620037926142249,-0.9266382616361236,1
-0.5655467759623011,-0.7259118673861633,1.9861581941195585,2.662039203947612,-2.9438556279775288,1
-0.7432768442168354,0.061151531281445126,1.9399549648377656,2.288442996011241,-2.8577971380376206,1
-0.8311179489345001,0.03359011458659933,1.3704056826654152,1.6196939472137517,-2.5182408923620434,1
-0.7373327601142193,-0.3369732586890843,1.469108136098471,1.864674101433517,-2.5851732213954666,1
-0.6801859767972076,0.042836260892983646,1.9791697507660322,2.2585686374223024,-2.7090308297437264,1
-0.7245011777960687,-0.33314875394769466,1.486565081299199,1.9796717472185512,-2.678305837820061,1
-0.7030793397657482,-0.06754798353535665,1.4753436785104412,1.3795362613238842,-2.018157658425715,1
-0.4499073489693501,-0.6787089803208665,2.046225168880808,2.564490507528137,-2.6308352887230537,1
-0.41470449208042554,-0.6959659584139845,2.08964563957789,2.543417504798538,-2.5348949061035344,1
-0.8149552244590501,-0.1466536750741813,1.2260931657456111,1.5289583652244807,-2.4525122514330997,1
-0.6933091914262752,-0.39745933122822297,1.5763856779379843,2.1350948176779974,-2.7561680311524372,1
-0.33238153074609567,-0.2693841298064503,2.3006755402149386,1.7715747166361901,-1.510068223145904,1
-0.03711369598625214,-0.7217041533392928,2.64449510111947,1.8600667794406887,-0.9915521764040942,1
-0.27298744300362193,-0.056843583038393986,2.4365036633771986,1.3380260012031882,-0.9064206477129135,1
-0.31446760477481167,-0.08528024614662078,2.3679999459135206,1.4623703738281681,-1.1305844267111034,1
-0.3457991268042838,-0.4072786118787238,2.2502493141621356,2.0031699000642145,-1.794302974330649,1
-0.6848135318287681,-0.19836148588096203,1.9651719990490906,2.407723272299764,-2.878449186890832,1
-0.7273473963229754,-0.006399800351306384,1.895205495709114,2.339554132405221,-2.90287290069125,1
-0.3796326537754264,-0.7131587091962417,2.132904507237978,2.522422931924374,-2.43931159601116,1
-0.7583523725385023,0.23743154131370292,1.9384670560332655,2.191419575823292,-2.781001448823652,1
-0.801333462544828,-0.09122928957793419,1.2456634644523896,1.4062682498003625,-2.2941321395320937,1
-0.21489204991479244,-1.0385646381514198,2.3274429374864534,2.6040509562905734,-2.182814044970743,1
-0.35379134241956967,-0.48941571215364477,2.220212840450199,2.141119994357663,-1.9636079233672779,1
-0.6076448280258637,-0.5334082057107179,1.8758983899049029,2.609354157699543,-2.999369445778318,1
-0.5274665659179492,-0.6406882676263108,1.9505608392091793,2.6109187163414282,-2.842211910035286,1
-0.5630860203425737,-0.737458414038722,1.997411230442333,2.6633853388603783,-2.936936345941369,1
-0.49937471844105463,-0.6544593203006324,1.985210334960223,2.5941024795107657,-2.765651572789749,1
-0.6134505175608131,0.2401104409913132,2.1060779932756493,1.8001093390248968,-2.0707833958433164,1
-0.827781098502263,0.10236679286861033,1.478295176377308,1.7245167922099447,-2.5811934535204735,1
-0.15148065423419455,-0.39933643736492197,2.5436473027655135,1.6069474024715555,-0.9502748655099285,1
-0.8213650704424124,-0.13343807249657508,1.2076353418749946,1.4970194584778727,-2.436511838337555,1
-0.5392259294299959,-0.7016761993054818,2.04881022105375,2.5622096594115584,-2.7722513023066955,1
-0.5839678995651458,-0.43775488042309696,1.6973142007974662,2.022387487676901,-2.413966394812449,1
-0.5618253348533823,-0.7433738993873911,2.0031763456320473,2.664074985868563,-2.933391484197002,1
-0.37899951424569867,-0.7134690838635271,2.1336854443217055,2.5220439243034787,-2.4375860642190874,1
-0.8181810178101657,0.3002365130283723,1.7886920210957364,2.026090923497583,-2.762307255043175,1
0.19206665214545526,-1.485862102365184,2.82063031384638,2.5430059137258185,-1.268665784831345,1
-0.7797251716555516,0.29063913516673123,1.9273378423885021,2.173059212769021,-2.8006801556302943,1
-0.8012462940290357,-0.18589652192850326,1.2726367280698694,1.5787548071003388,-2.464579955002802,1
-0.5748360492555362,-0.6823240252661127,1.9436783440511753,2.656957587961853,-2.9699756950461866,1
-0.11061594548508502,-1.074975257171575,2.4565813517372472,2.5307940934124566,-1.8870533330615398,1
-0.639407880515205,-0.05868082974123717,2.000403663229427,2.2935991754580227,-2.6714849661218465,1
-0.27180891986488465,-0.06016550239585423,2.4375428749263346,1.3406343336026054,-0.9068460001638213,1
-0.09155558458081298,-0.9343834903017059,2.5797992850835496,2.411170045324988,-1.6830773747637877,1
-0.42009301936791105,-0.8042352154739214,2.079073884341036,2.6283568444099314,-2.636841032858589,1
-0.8134137875593025,0.3725203201252595,1.9090873442393974,2.1455673628405423,-2.8334916875680403,1
-0.11117219789080507,-0.5129544368722655,2.57919095225617,1.6961589327293325,-0.9648229894579564,1
-0.07076771448793695,-1.2031475463333865,2.501886678276668,2.586979545850857,-1.8639250159881446,1
-0.31142307091796034,-0.5355009486215958,2.3758545995603844,2.3296756888426735,-2.032718866264968,1
-0.5730778017176309,-0.6183289432260578,1.8943022993484313,2.6382223439856234,-2.966518849900367,1
-0.4950037145203378,-0.7447096844499254,2.0606247235013195,2.6155077468537056,-2.751925426200108,1
-0.5279575679601718,-0.336136437345338,2.0584379119213168,2.3893408791916295,-2.5688686446813094,1
-0.34002342806509195,-0.9796620296500017,2.255538599135409,2.6346164019270017,-2.4455025181867436,1
-0.5449564035455455,-0.029437036746883853,1.8449740696972063,1.3365157712991602,-1.5740246893440466,1
-0.8323992632242322,0.007180617825317245,1.3289772899902506,1.579443114306641,-2.49406779325989,1
-0.6985103759379626,-0.1375625130689857,1.9592641267035058,2.379778168218405,-2.8736108039439285,1
-0.4686823406669885,-0.7487485984338125,2.0202628379985508,2.634112210042162,-2.7443496048294196,1
-0.6298133307066731,-0.43580806719053966,1.8794739992913028,2.559388123811497,-2.9814986185364005,1
-0.4666724686069309,-0.7376666805909919,2.0789343811406824,2.592841424452206,-2.6751434921970314,1
-0.6003460679468393,0.23117982345379334,2.118910021041275,1.777739545046997,-2.021112654820741,1
0.2176950992768324,-1.5206523145262292,2.851454714230425,2.5440399011229426,-1.2163062745371185,1
-0.49207584945843674,-0.7439818320641731,2.062516917267224,2.6131653178040275,-2.7439904718871237,1
-0.10368344147885822,-1.0843860218561292,2.46491936293459,2.531073787368794,-1.8728900670229043,1
-0.6727101913683791,-0.24694824192648968,1.886392933774048,2.462702027128519,-2.946917916486118,1
-0.30431587783133657,0.019050449377289506,2.4061523299514653,1.2871459108625702,-0.9155329697019134,1
-0.6578495389865149,-0.05664665212857022,1.5810734945318528,1.367230594355156,-1.8911169760854976,1
-0.7935647465218781,-0.1907558354219464,1.2876892907223187,1.6355425923453877,-2.505907681556425,1
-0.5482726700825403,-0.7296945434636333,2.034967113491475,2.6117444467764694,-2.8442390926444685,1
-0.4076391789680397,-0.699429482808785,2.09836025106326,2.5391880934478466,-2.5156393994988338,1
-0.6740409637523755,-0.486580352404269,1.6636683111694397,2.147812032391557,-2.704593381596697,1
-0.3203829367010264,-0.7902198800167928,2.2042858579271534,2.5223309811474746,-2.315612148180426,1
-0.5875724596212484,-0.6129819253481097,1.876361830358517,2.6481946480418497,-3.0074054897128617,1
-0.052831210070526546,-1.153417122745282,2.526081458839864,2.533125435918639,-1.7689977820061862,1
0.03975287969101604,-0.9383690259166648,2.7122753852401225,2.030189514566687,-1.0192948530495807,1
0.19999494083094538,-1.4633130584784506,2.8502357248217915,2.519233874344612,-1.2194428362917977,1
-0.7757563010680976,-0.22747268294886508,1.3389705774253953,1.7242783092606957,-2.5503615552672105,1
-0.4678341516618022,-0.48581371162001696,2.089745291987592,2.4409900686710073,-2.5135108473675496,1
-0.8123839427904036,-0.15195505622064254,1.2334974410253623,1.5417705179107277,-2.45893074713333,1
-0.8328497984289283,-0.002105478587259374,1.314410255560285,1.5652901329590403,-2.4855680580743846,1
-0.6070584176141516,-0.5435089547021318,1.998710183855322,2.566363813307805,-2.905916026379643,1
0.23318933883020654,-1.523534176498525,2.881026184902411,2.531537449324405,-1.1666558643784133,1
-0.06952697783329975,-1.130752881729006,2.5060007638371347,2.5324518401536076,-1.803107621730914,1
-0.10269776214124576,-1.1666850010900305,2.463239513384242,2.5907616340543163,-1.9345733340627786,1
-0.33312368910040235,-0.7729245098840096,2.188962024565766,2.5218169516651847,-2.3416418000353203,1
0.07916755190505498,-1.3743662521051139,2.683363794327239,2.5692198353592026,-1.5321787403248388,1
-0.6155923052230639,-0.11796971607665568,2.012804875819675,2.3140580122400163,-2.649557107209267,1
-0.16290139057613873,-1.1576562746984345,2.4469344507433712,2.6090870747701236,-2.0576994613012825,1
-0.09339639726044735,-1.227503533615013,2.522040674538319,2.5990690344486107,-1.9055204932927996,1
-0.3323751355915296,-0.26931840592246714,2.3006995745880405,1.7714643327053907,-1.5099327499091935,1
-0.012719829379297054,-1.2078676884454498,2.574325086401269,2.534743741620244,-1.687049303448281,1
0.17223158199181063,-1.4589363079408446,2.7967738491558984,2.542205661862925,-1.3091892919549952,1
-0.45556031014343124,-0.5163694460818156,2.096136509335953,2.451533946668163,-2.5022098789118763,1
-0.7438130311382887,0.328951848626527,1.9784255207872885,2.022643108627828,-2.5649058383497043,1
-0.7908128072290876,0.3182418093488182,1.9215643045174269,2.163534348317308,-2.8108889415003895,1
-0.7332934165336439,-0.3465213279230821,1.4815251544070607,1.8827442376845758,-2.5927947313735107,1
-0.5815857507485598,-0.6506525571384996,1.912811956726906,2.653265222593399,-2.9889548605983065,1
-0.42734260774242333,-0.3252002795721458,2.2683299542501434,2.2867098633146927,-2.2170584447294326,1
-0.6629348446039179,-0.29547887286008856,1.9746089532980347,2.452361452218269,-2.8861777896496443,1
-0.5535612973977679,-0.7592668021790963,2.022780666167893,2.662356553171972,-2.9106252757449123,1
-0.21337720795764226,-0.22486777127296728,2.4890674550163547,1.4699566373499569,-0.9279351676595998,1
-0.1396826160328416,-0.4325917296819839,2.554050711195096,1.6330590707779757,-0.9545330122530001,1
-0.6648205664386952,0.004584064291899614,1.9871708054562873,2.271768336306624,-2.6948833423812637,1
-0.8308963201043726,-0.11378686591105598,1.1801891086918606,1.4495272574293367,-2.412719701630372,1
-0.5426524792565678,-0.6332439009763138,1.9318299871306548,2.6200092510740465,-2.8835989582720534,1
-0.5406997546362028,-0.6342011564087878,1.9342385479592705,2.618840318354042,-2.878277084884916,1
-0.4710585075970784,0.14307099112164337,2.245509886966895,1.557040761494469,-1.5310646851047447,1
-0.563243927358918,-0.7379972602243026,2.017608728166053,2.655756704158645,-2.9213934079420043,1
-0.8168618674574573,0.32742585856730505,1.8313437570886397,2.067530327437522,-2.787194164103816,1
-0.8329668167249538,-0.004517372635942041,1.310626734251912,1.5616141543813074,-2.4833604070013746,1
-0.45820850752927,-0.6052415701142888,1.9632931045782662,2.3229906537722824,-2.422879249146013,1
-0.5693320243434419,-0.7081504339979892,1.9688482519285424,2.6599685168145637,-2.9544991884010257,1
-0.6927207709284726,0.2941327262289901,2.028455649555292,1.9354266769251125,-2.3712471575277636,1
-0.41937299892076163,-0.6064577750659683,2.114979914714024,2.482620757916771,-2.468890916628477,1
-0.7521370705750645,0.10048122337455428,1.936133275267519,2.2703658429246474,-2.8546672806941626,1
-0.692609427458643,0.07376444738959875,1.9727006291568745,2.2478962372709894,-2.72046954873202,1
-0.5214207987905941,-0.6465325517537753,2.076055208841952,2.464718928318349,-2.6305702195130367,1
-0.4437158059531611,-0.7772591541165695,2.0504815772360967,2.631154944288985,-2.6891087325064156,1
-0.5063622921210106,0.1671303455010939,2.210940015160933,1.617305664615497,-1.664879167197538,1
0.057626201750117956,-1.3033613145373528,2.6589331868392714,2.5375818733748785,-1.543330734695471,1
0.15480024657217994,-1.262654619050498,2.813723162064195,2.2848147863498807,-1.0608177369581802,1
-0.7393303747299402,0.04363353303862616,1.9416571991450593,2.2964948143488066,-2.8591912205367453,1
-0.35634922196384866,0.06489718083814205,2.3578345386372,1.3612276474334912,-1.096273802052549,1
-0.8087481981766589,0.3628919738830647,1.9122250131796512,2.1481269003965062,-2.8274027026594606,1
-0.5609358358643326,-0.7475476749107011,2.0072440248248133,2.6645615785372665,-2.9308903441704293,1
-0.2408958414226978,-0.8981223563011476,2.2998882967976777,2.5255379118807535,-2.1532181739318514,1
-0.5968327542950348,-0.5963711700679293,1.8541996985642588,2.6158164975401688,-2.9969948547755094,1
-0.7348556419774828,0.1789364190923241,1.9507022402473178,2.211604508144327,-2.759367161751907,1
-0.4821208047024995,-0.7415070584927524,2.0689505722438835,2.60520081618454,-2.7170108045691284,1
-0.10237771192402267,-1.0861585291018785,2.4664898182331574,2.5311264674198646,-1.870222431339891,1
-0.7673667878388477,0.2598729326118927,1.9337730824825508,2.1836757170647876,-2.789301346032123,1
-0.5640489092653886,-0.7329402726274485,1.9930079390563995,2.662858598868107,-2.939643847642488,1
-0.4490752910393994,-0.679116867825982,2.04725145907878,2.56399242411734,-2.628567633105984,1
-0.6484285730235377,-0.3538516872368558,1.8824764950446993,2.517430854895729,-2.9664922022573657,1
-0.5423204083273848,-0.3003801392278427,2.0509589140550597,2.3770024408715775,-2.5820930297021527,1
0.03681946443509526,-0.9301005680461193,2.7096887249428696,2.0236972177237416,-1.0182361251149108,1
0.050138289326199376,-1.3717450325241876,2.677142456134788,2.578380790206507,-1.5912558709085305,1
-0.05150308237421031,-1.225146809462284,2.5252040068937447,2.5846976658282395,-1.8213001545429308,1
-0.4504428410361075,-0.7336320775961314,2.0894231159229224,2.5798569629816117,-2.6311587625156667,1
0.014777240723344465,-0.8679698493332163,2.6902520819980054,1.97491290083357,-1.010280647983341,1
-0.6981366054230825,-0.3875063331335769,1.5624846329620363,2.1110408348098435,-2.7441177231836305,1
-0.4389172847786086,-0.6840964776362124,2.059780709604643,2.5579116763434775,-2.6008834309292466,1
-0.3868055545059157,-0.7096424437078828,2.1240571933121792,2.5267167469732397,-2.4588603173762005,1
-0.7614569739776227,0.14377270123312635,1.9007071088664913,2.262673869559394,-2.875375943484092,1
-0.31350942856610264,-0.07543293732461476,2.371600979205121,1.445831718628683,-1.1102866792537742,1
-0.8345534979747462,-0.037220865965704064,1.2593249932243702,1.5117706129691553,-2.453426296844231,1
-0.33864813159710205,-0.3337868495601021,2.2771242997598575,1.879739738691193,-1.6428182124834452,1
-0.6139100653802282,-0.5058245640704947,1.876908924617817,2.595232813264502,-2.9943188126344573,1
-0.18802448934963306,-0.29632982741759606,2.51142326383626,1.5260678117384605,-0.9370854682711309,1
-0.5622907226383959,-0.25066403198525056,2.0405600003094557,2.3598468863253514,-2.6004804181771317,1
-0.5644709557153363,-0.7455783806329834,2.0004885812773927,2.637977064101194,-2.9113321481538375,1
-0.6965822085409448,0.08365468783664826,1.970631928226001,2.244483408534485,-2.7241274315248836,1
-0.6930277848755727,-0.1574970070257493,1.889670005712527,2.4169077946392497,-2.930539173692051,1
0.035177369491990074,-1.2728873793424342,2.631933041643911,2.536676168494826,-1.5891942182568197,1
-0.36766105868325794,-0.8641099378489103,2.1425359452879764,2.6221463212643723,-2.520830249663211,1
-0.6247371754391344,-0.5388387830252791,1.773845990842388,2.4767746692259127,-2.9273391615409805,1
-0.4519851215089385,-0.6135298920148783,1.976455456627649,2.3378664376899696,-2.4233203146772855,1
-0.3785933516391975,-0.7157706594067758,2.1358573446342666,2.522374009495163,-2.4364358488150146,1
-0.29869477087070323,-0.5585925696643346,2.387661116265641,2.3343934606185077,-2.012477847972826,1
-0.39508429660707584,0.0066852869914895245,2.1953172067516866,1.2957400834979176,-1.1530665068801706,1
-0.6279741992672958,-0.4506658128854622,1.9896885605507284,2.5236902097696197,-2.8985275680994036,1
0.26100322987835217,-1.5794424177346462,2.903543206002967,2.5457871806598353,-1.1278267619693148,1
-0.5821382592611032,-0.7038169820126147,1.9461789571478332,2.55894180109558,-2.8779971451828805,1
-0.8084748430131885,-0.16001470527086592,1.24475410387932,1.5612487352613058,-2.4686887368618655,1
-0.7195149939140252,-0.040883119818844404,1.8939421892975472,2.357207741664506,-2.909186881944512,1
-0.6911894351182888,-0.06468226693426658,1.5031376862051469,1.376301376262247,-1.9847614998455314,1
-0.6724389443915721,-0.2532910885803501,1.970509541210292,2.432970630825527,-2.8828204852975134,1
-0.6766063015580385,-0.31437881254543676,1.5013856088156796,1.8009535534770906,-2.4074009004243933,1
-0.3634244003131377,-0.588415974439463,2.1840097268064276,2.3073919405511996,-2.167672034527909,1
-0.42002971590521054,-0.6933554523640003,2.0830773168485996,2.5466052703980604,-2.5494080466959725,1
-0.5927356787307786,-0.5990479585334463,1.8734936585195534,2.642958189042852,-3.0113882471927713,1
-0.5609054985117224,-0.6242959921627378,1.9093160562243519,2.6309358052966476,-2.933344967717439,1
0.18662864298486526,-1.4970815370286537,2.813431451963543,2.5564911564259063,-1.294410684802788,1
-0.4028010832005308,-0.7018011912452834,2.1043277325141445,2.5362919306268443,-2.5024538571847748,1
-0.46211175722704645,-0.6727261929974662,2.0311718124784974,2.571796264823321,-2.664096668661129,1
-0.5774561171869375,-0.6700299411399739,1.931696772470548,2.6555243026376205,-2.9773429398168276,1
-0.4823154948940698,-0.01433926286622804,1.9914043354297823,1.3194730661091452,-1.3980799882754424,1
-0.45268378907059936,-0.5235305466992273,2.09763436730944,2.454005030167391,-2.499561362238633,1
-0.7925194684726642,0.27973480122687444,1.9187150985046344,2.187975308046198,-2.8404022789327974,1
-0.41008122770911,-0.30170665911534644,2.2464243746679995,1.8550869967043355,-1.7446058697936513,1
-0.4991841153191292,0.1622384535466282,2.2179689684357116,1.6050522437603552,-1.6376712056696991,1
-0.5748386041850024,-0.6823120368296993,1.943666660357819,2.6569561903099586,-2.9699828791311957,1
-0.38582288330231357,-0.7101241641400285,2.125269255342699,2.5261285040070183,-2.45618218669038,1
-0.729467416928404,0.31917538356135744,1.992472911198855,1.998154599471415,-2.5105306215936247,1
0.10300041704312862,-1.3649560950791715,2.7135066446899923,2.5394125097192064,-1.4506301633128935,1
0.2192230214536919,-1.5227264447466835,2.8532924098463064,2.544101545602086,-1.2131846941878313,1
-0.5590319181587988,-0.4709646861667407,1.7500533631915287,2.0819920614514396,-2.415733664567346,1
-0.6890581743499347,0.2916366847926316,2.0320421062455423,1.9291744852421677,-2.3573645534137584,1
-0.06310844099093321,-1.2118940602580783,2.5111572314875152,2.5860723111277957,-1.8469781327228183,1
0.10655841089573578,-1.1266746942569132,2.7711839270346554,2.1780449327371256,-1.0434062985512513,1
-0.0340850374608494,-1.2450373607574186,2.546286282159331,2.582634512559274,-1.7827610458438599,1
-0.6301900139088448,-0.4408300249423486,1.988732811186905,2.5191693748758706,-2.8977448359831803,1
-0.7478429845576607,0.08383508287738761,1.8985112768314074,2.29335871402109,-2.886350669946247,1
-0.6874747115856874,-0.1819452401838093,1.888774337598872,2.4294239781713656,-2.9350157057724586,1
-0.6969923503202654,-0.1400424165129997,1.8903094596991652,2.4079719808762223,-2.92734319491209,1
-0.7436259472372821,-0.32209762725172375,1.449762760255171,1.83652132202797,-2.5732991167308445,1
-0.6058943452959908,-0.5776882897459544,1.8281058967603852,2.570664506258839,-2.974375091415436,1
-0.6947299457708969,-0.06553560432042327,1.4948613388971133,1.3772646426096466,-1.9947060249460413,1
-0.4181956611240719,0.0011149630121166862,2.1412917572408032,1.3020279899233116,-1.217981307906682,1
-0.39014954270995283,-0.6958826787970096,2.107236618951602,2.4856722632700814,-2.427702742880419,1
-0.43200927577312426,-0.6874828891553357,2.06830129654292,2.5537764297898247,-2.582056634308266,1
-0.07659725216944668,-1.196490500789082,2.494830782010238,2.5876700498531138,-1.8768234318258887,1
-0.33084130924691557,0.02216919547018108,2.3454925141205902,1.27826150092823,-0.9726219148368653,1
-0.04905020505514418,-1.1585497773299636,2.530629030990872,2.533277981701625,-1.7612731013023342,1
-0.45545847409680207,-0.4422429422995018,2.176989190577913,2.103546893737783,-2.1056870397444998,1
-0.5185676096040888,-0.6450506719233388,1.961537132215164,2.6055916563450117,-2.817959069524073,1
-0.47624947241140836,-0.46486376649884553,2.085363278101686,2.4337608637673944,-2.5212591366210266,1
-0.24193542663430953,-0.14437032805921043,2.4638850638557104,1.4067509822418187,-0.9176279382905651,1
-0.8190142749583385,-0.13828486272201765,1.2144047040583457,1.5087329751428706,-2.442379951073174,1
-0.651205691990705,-0.34162500689740416,1.8829244230256335,2.5111714506219016,-2.964253466786275,1
-0.0484826543747397,-1.1593202184137406,2.531311647823696,2.5333008797042917,-1.7601135821344034,1
-0.44259245959313176,-0.6822948508119259,2.0552476167126605,2.560111695766406,-2.610899597486737,1
-0.6236914484907732,-0.0978068949512747,2.0085875014237313,2.307100420489431,-2.657014280454446,1
-0.768751943310356,-0.2627056133530963,1.372524974699809,1.7241193528893788,-2.525890911422409,1
-0.6045496294118079,-0.5546452240857415,1.999792301774121,2.571482390030564,-2.906802250823671,1
-0.5070791082774062,-0.602115403518717,2.0980005228532566,2.3861920182068808,-2.5164488304509742,1
-0.459403885309531,0.13512842372962167,2.256922227141198,1.5371458779135008,-1.4868893292207865,1
-0.3727174409495952,-0.1859885815571672,2.3035975532646917,1.6505042300081458,-1.4472903447031082,1
-0.6916177517781297,-0.4009466840026763,1.581256355828574,2.1435229036772334,-2.7603902438493977,1
0.03877617319424809,-1.2777726985225504,2.636261472689824,2.536821363311109,-1.5818417790501311,1
-0.7939211874283167,0.28670124157515214,1.9059433374024346,2.1895021261727585,-2.849205373532865,1
-0.6088073901725919,-0.5282898525141705,1.876085902258983,2.6067338355038236,-2.9984322626234015,1
-0.5858817897966683,-0.6304943525234092,1.8931661686344756,2.6509151118782572,-3.001034689076158,1
-0.7926211000698988,0.3227435552602589,1.9206226928339283,2.161980929278281,-2.8125539019222785,1
-0.5865057453655731,0.2217477121320492,2.1324626240791504,1.7541135879216818,-1.9686526813877556,1
-0.6317740099244845,-0.42717588458410305,1.8797902418051011,2.554968909503191,-2.9799180445083375,1
-0.10780504857782602,-1.2130239293276985,2.5064708666899653,2.6011458125761977,-1.9370677762040223,1
-0.5258163656796279,-0.6601459082759924,2.069329216843391,2.488786543336724,-2.665547142117137,1
-0.713925882881397,-0.26467649580135266,1.4224553502540478,1.7117484124411404,-2.404755976759131,1
-0.5229009064839202,-0.7516447847011973,2.0425955822657387,2.637826805785168,-2.8275310087701744,1
-0.01066105169371101,-1.3106462954178233,2.611443450993012,2.5871440490862314,-1.7243740906309826,1
-0.32464266383548085,-0.9132348306603711,2.194604110582971,2.617050827344285,-2.4256478911755313,1
-0.5579196130986818,-0.6257597187950389,1.912998954759856,2.6291484057211583,-2.9252073614461906,1
-0.43674819577046375,-0.003356587274018205,2.0979230923097276,1.3070755760026451,-1.2700913464213839,1
-0.42808573173941894,-0.357467779024995,2.2188743104548854,1.9536693826712854,-1.887873430017668,1
-0.416424734865811,0.10583834547321824,2.2990079055239603,1.463778833200234,-1.3239823538081108,1
-0.3677480797501564,-0.7259224464941814,2.1473178283735224,2.520420020224843,-2.4123802310203777,1
-0.8237622468190875,-0.12849565572325544,1.2007324210462693,1.485074835635369,-2.4305279484922693,1
0.24735749930248577,-1.56091855402206,2.887130917710699,2.545236639561201,-1.1557053051715895,1
-0.3544372822662033,-0.49605412489279044,2.217785258893741,2.1522692759887265,-1.9772913395911684,1
-0.5773487316535875,-0.6753873914112235,2.0115248899790923,2.626979255797592,-2.9164109138707657,1
-0.414485169827605,-0.6960734735319818,2.0899161595382973,2.54328621493059,-2.5342971744785423,1
-0.827597689731886,0.10614707797592504,1.4842252831591802,1.7302783417605154,-2.584653618148354,1
-0.7225554354137367,0.2103734198403202,1.9944964361395656,2.1772885940893416,-2.6865169130861504,1
-0.5986663830427957,-0.5925906566409014,1.8489195722463847,2.6066799133328966,-2.9924177061974944,1
-0.665106839274129,-0.45560598229657845,1.6575973092490326,2.2756211731880125,-2.8265674269993366,1
-0.18286309805780604,-0.9769008887499677,2.369686693387766,2.527879260342182,-2.0346559368973605,1
-0.7812844650102011,0.29452099673561394,1.9265258893642998,2.171719697437281,-2.8021158532468604,1
-0.8017553208634437,0.3454832023923524,1.915866334336706,2.1541341512746652,-2.82096410836828,1
-0.6040550341849602,-0.5814805188764282,1.8334023860393465,2.5798294044803707,-2.9789664244465426,1
-0.030077975224929,-0.7415358360805971,2.650699139064367,1.8756383858112455,-0.9940915080229352,1
-0.7638969726053556,-0.08220630967295983,1.3331755278618131,1.39608290806247,-2.188981173921012,1
-0.7462553079997072,0.207315893229001,1.9447662223235316,2.2018115930601008,-2.7698632453072913,1
-0.2929802758599981,-1.0269368379130133,2.3063728392235654,2.627835879073037,-2.3425030355176197,1
-0.4508031709127011,-0.5282123465229229,2.0986136401294786,2.4556205804730094,-2.497829809289398,1
-0.8205059112420785,-0.12273293319068462,1.1970404635455172,1.4569897542677872,-2.397202407580179,1
-0.6901240899853789,-0.4040262651173533,1.585557511638624,2.1509655044563267,-2.7641187586641185,1
-0.41771163768441855,-0.7254952666624339,2.110576337681172,2.5536704687474363,-2.542452282635748,1
-0.3120946779698545,-0.06089335065908646,2.376917917728636,1.421412335124956,-1.080316982598041,1
-0.32582956080440945,-0.7828261738298048,2.1977349763523377,2.522111235462108,-2.3267397272080568,1
-0.7463657380954807,0.0773312850605854,1.8982730083117763,2.296688309522106,-2.8875415314446293,1
0.07706261803697931,-1.043534497819088,2.74517479103874,2.112764218569375,-1.0327606800041418,1
-0.6519728379402934,-0.3382475324678913,1.8830481577810918,2.509442364942723,-2.9636350428479594,1
-0.5749410881066763,-0.6860746894035632,2.0125633810807964,2.6318914712665613,-2.9172614091663776,1
-0.6761328805116441,0.0327460757081402,1.9812802733156432,2.2620504611595362,-2.705298997847217,1
-0.6935081885909116,-0.15538195803765165,1.8897474911457366,2.4158250030467734,-2.9301519029806813,1
0.09899752152434571,-1.4208448637594597,2.7299391294796203,2.5713385082798546,-1.4842801389660867,1
-0.7429937603655058,0.06248565032056297,1.8977291341766742,2.3042884779210078,-2.890259803956924,1
-0.6648157198557532,-0.3300815403248931,1.5263224818821235,1.829136626983061,-2.4082365257842113,1
-0.3965504283751232,-0.7202346974915407,2.124252209856802,2.5367405111283423,-2.485102225332313,1
-0.6181259873254701,0.24329675048971922,2.1014997195133205,1.8080905437657464,-2.0885051662861978,1
-0.8322058889893307,0.011166303672474232,1.335229607474692,1.5855177160495013,-2.4977159649704026,1
-0.8037474667256584,0.35044265049048,1.9148289869686472,2.1524227927817035,-2.822798348896341,1
0.160801793985074,-1.4675885447107853,2.782171414309221,2.5595503257073062,-1.3515550856760425,1
-0.5895883427056283,-0.6131021800783348,1.8762161008656844,2.6488874744173216,-3.0114569694332314,1
0.16879422791568632,-1.4909852722434611,2.8053605747643986,2.5612784221539355,-1.3314624744742414,1
-0.7059805880161585,-0.41108250536669805,1.5654853041184835,2.0049290736282535,-2.6443290935594006,1
-0.8225276777756223,-0.1310410482140269,1.2042874921071878,1.4912264320471755,-2.4336097096986524,1
0.14240751084871373,-1.418450602456796,2.7609031970916327,2.541002400754875,-1.370120559153033,1
0.2715928010190659,-1.5938175932882541,2.916279724101914,2.5462144200881287,-1.1061920231842712,1
-0.01855274277667951,-1.302715743034944,2.602915788614772,2.5882815109533954,-1.7416526967793664,1
-0.5403271465069486,-0.6343838146045175,1.9346981362366886,2.6186172690671725,-2.8772615943921815,1
-0.6896790967838361,-0.40494373697495956,1.586838916240079,2.153182811456189,-2.765229561492747,1
-0.6978498937794664,-0.13626695356856094,1.8904477748793158,2.4060391464326942,-2.9266518982903706,1
-0.5103619657493127,-0.6490732038641015,1.9716582686806277,2.6006796244637522,-2.795595753570747,1
-0.6215137124131583,-0.5454848095266152,1.7831282907512076,2.4928365036685847,-2.935385648172283,1
-0.3830986570175818,-0.705273066941295,2.1221491182630294,2.5025260228866886,-2.4282024551967827,1
-0.7625033683630356,0.14837960853911447,1.9008758842520115,2.260315380216446,-2.874532407339235,1
-0.22965285966026805,-1.0217085188303074,2.309576899377988,2.605799362212733,-2.2154737639057207,1
-0.10242152919944053,-1.0860990478426242,2.4664371173717163,2.5311246995987275,-1.8703119510470954,1
-0.43748561935706576,0.12019123399077297,2.2783848452260114,1.499730564172539,-1.4038109441028117,1
0.13532539275214478,-1.207760581112644,2.7965504037684132,2.2417126269411694,-1.0537888747058042,1
0.15280499812908127,-1.3777012902254833,2.806463277223832,2.5017428206331567,-1.2944860462952739,1
-0.2841595218000016,-0.9594645893531649,2.243603682478271,2.6122556320600867,-2.3360750246944892,1
-0.528651242239117,-0.6401075212003507,1.949099616796149,2.6116278828567605,-2.845440576955467,1
-0.700747905222795,-0.2822269611712402,1.4503265413829216,1.743247783921721,-2.4056899300279935,1
0.07128187031413541,-1.3653611912638155,2.6738192036005834,2.570153887937047,-1.5496265733916599,1
-0.8271871041021315,-0.12143440138809458,1.190870185248949,1.4680094962079453,-2.421978736629109,1
0.2575040598709526,-1.5780177799967372,2.8992169150156846,2.548096020877389,-1.137591971276011,1
-0.593307204403636,-0.6036400290004506,1.864351889289499,2.633383566936871,-3.005795417971217,1
-0.6777148626202311,-0.47789610951944006,1.6523746767964083,2.131376725072316,-2.697661399624592,1
-0.48807432229932063,-0.7429870727334532,2.0651029875213163,2.609963908837966,-2.7331457319423347,1
-0.6402862766489144,-0.396013686306794,1.9843779809091937,2.498570387922767,-2.8941783512455603,1
-0.7766166752827568,-0.24411521521503515,1.3483486403659173,1.6889362159552606,-2.5110515861690335,1
-0.5490635714587422,-0.7581486903515471,2.0256874152163094,2.6587581619639344,-2.898435762538549,1
-0.4058428808773275,-0.8205081733184785,2.096321821392844,2.626668927083027,-2.605311223457067,1
0.2149337290389033,-1.516903798046074,2.8481334992779086,2.543928492811305,-1.2219478178057313,1
-0.40977805011725177,-0.30076769839612494,2.2468882898144322,1.8534269692841532,-1.7421933893483692,1
0.19451930585025357,-1.4891915410280139,2.8235802225713433,2.543104866776203,-1.2636549565807589,1
-0.6039398951294404,-0.5817179086675184,1.8337339410272402,2.5804031180402105,-2.979253837351085,1
-0.18680798681822347,-1.0706352580388223,2.361435038880324,2.6007244218332493,-2.1206753396353344,1
-0.5705937915428745,-0.7022298729653862,1.9630781900775112,2.6592782780662203,-2.958047091755125,1
-0.627716551278407,-0.4450394512669297,1.879135804857837,2.5641140971204295,-2.9831889078385907,1
-0.3700188624960509,-0.7228398947852801,2.144586663422879,2.5203284048129206,-2.4170194926951143,1
-0.7728676713759124,-0.25297698895302917,1.359873149044535,1.7057075081345647,-2.5181252777512855,1
-0.5477445994966915,-0.7578208006199433,2.0265398283129614,2.6577029226771853,-2.8948611503082353,1
-0.4689141924929833,-0.48391617726875447,2.1563995700460548,2.177222726305116,-2.212758467118288,1
0.018479408937075392,-1.250220161645463,2.6118497092787782,2.536002484260937,-1.6233085379066137,1
-0.7052059396406656,-0.10388086483035608,1.8916342486347517,2.389459206773491,-2.9207219251811396,1
-0.7132562945091176,0.12516483300791442,1.9619494218282818,2.2301594881954983,-2.7394798637093363,1
-0.833512034033936,-0.01575498613260537,1.292998368634812,1.5444868570602914,-2.4730744122631183,1
0.08968112141625176,-1.4114825866124798,2.7198719444026627,2.572681319313737,-1.5046781001249978,1
-0.7914866296703355,-0.1950404261111923,1.2936734461806396,1.6458974090605252,-2.511095127272251,1
-0.7760127027036029,-0.2455428659919905,1.3502052634591606,1.691638107136218,-2.5121911730713764,1
-0.267194775146582,-1.0528493149697802,2.334236327799852,2.6241193088881567,-2.2860465033901103,1
0.23959811026537647,-1.5016755220898037,2.8884971876183076,2.4724912162834496,-1.0914229732646037,1
-0.381384682984404,-0.7164645702039196,2.134053388625944,2.524607205182823,-2.4440007762376714,1
-0.4294211259568018,-0.6435806807476677,2.024177910630608,2.391801244410405,-2.4249194763962127,1
-0.8174115264690981,-0.14768567022883283,1.222944498833388,1.5064391085480642,-2.4340790882451917,1
-0.8374800362879408,-0.09754049614811505,1.1647020116580866,1.4198371930544522,-2.3982146276714076,1
-0.31595455797872524,-0.10056186895223793,2.3624116543845974,1.4880360145670763,-1.162083644015369,1
-0.4043404054189163,-0.28392695912668875,2.2552088445131373,1.8236535310655806,-1.6989243224535446,1
-0.4818094951930807,-0.45102208706506386,2.0824680709241847,2.428984510595194,-2.5263784500792017,1
-0.3278745440255469,-0.9095441823114896,2.190692340454275,2.617433640927107,-2.432798738619482,1
-0.5976301736652608,-0.5853600222139893,2.0027768769744827,2.5855998691726247,-2.9092465348075613,1
-0.7392104672072743,-0.07625634367745479,1.3908830487657988,1.3893664532292227,-2.119642144424166,1
-0.5421229485245596,-0.6335034850285608,1.932483129394219,2.619692265364727,-2.882155797530925,1
0.14394658555904288,-1.2320612556843087,2.8041524973020695,2.26079323366048,-1.0569004347334598,1
-0.46022445053777516,-0.7360637360441005,2.083101547090938,2.5876827082823315,-2.6576683942309987,1
-0.07844277771959407,-1.1943830013076946,2.4925970136480933,2.58788865085516,-1.880906835568262,1
-0.5998409417349566,0.23083558244105443,2.1194046464369967,1.7768772753885596,-2.0191980384886383,1
-0.5611276061722198,-0.7466478355325672,2.0063670591387517,2.6644566722618896,-2.9314295740052794,1
-0.5358362273869193,-0.754860439787981,2.0342358617679848,2.648175667774873,-2.8625876723182,1
0.043666011655452336,-1.333825237834945,2.6403938027112286,2.573424963959089,-1.610729331132787,1
-0.8174499148749946,0.31530546274140603,1.8123305770120728,2.049057577594309,-2.776100142430282,1
0.18046855963798747,-1.5027170922406512,2.817975711161997,2.5595957527464366,-1.3059018971842153,1
-0.6002127338659888,-0.566129108423138,1.8746996501423991,2.626105504148075,-3.005360724155985,1
-0.4712586903873162,-0.7458065336658501,2.017144502143147,2.634417376573419,-2.750050027719153,1
0.16315682454299268,-1.2862094201493641,2.8210919205154132,2.303309741903218,-1.0638337922262127,1
-0.5349741957537626,-0.5030048242582137,1.8009350232342944,2.139497329303996,-2.417438690107961,1
-0.6732898871421759,-0.24951383560542773,1.970142503292368,2.4312344875546157,-2.882519891462869,1
0.1783447961778524,-1.4240354696414843,2.8301534833937185,2.5112092016854297,-1.2538717052156736,1
-0.7097822744104965,-0.08752764056058748,1.9544022083858827,2.356780580343544,-2.869629028221438,1
-0.653697811142425,-0.3364811754205474,1.9785931714221032,2.4712073892404427,-2.8894407533530906,1
-0.4421363171839545,-0.00465523763675503,2.0853277441999705,1.3085415216084002,-1.285225408679206,1
0.11353963516156679,-1.1463527669778977,2.7773399104393897,2.1934959263083456,-1.0459259613005034,1
-0.6085775433933632,-0.40497969192591055,1.6452652366453664,1.9635629598902886,-2.4122222533444364,1
-0.7936833566637078,0.2849011888939388,1.9182130775425499,2.1856006751469343,-2.839991137743575,1
-0.4002077015335611,-0.8269432711926659,2.103142472199933,2.6260014446679723,-2.5928428442360683,1
-0.6754963646623386,0.031161469190043145,1.9816117189459699,2.262597261885966,-2.704712934753297,1
-0.560635021760581,-0.7489591779688961,2.008619647828082,2.6647261362706987,-2.9300444992569297,1
-0.558351075188313,-0.6255482094890678,1.9124667738894554,2.6294066859460052,-2.926383250042268,1
-0.574387455998099,-0.6844289490275366,1.9457297611767213,2.6572029869932026,-2.9687143169382413,1
-0.03881424081948093,-1.1724449370954417,2.5429402513429844,2.5336909547531263,-1.7403607896034963,1
-0.571267538812667,-0.6990684642418513,1.9599971435735166,2.6589097104949513,-2.959941569753433,1
-0.8185100829662643,0.2934540668761071,1.7780524453009359,2.015753766782937,-2.7560991570822138,1
-0.1501305496552819,-1.0213348061721936,2.4090554921439833,2.5291998648388367,-1.9677825833830958,1
-0.312333026040672,-0.9272918320747123,2.209503324226102,2.615592760748265,-2.398411627210198,1
-0.34223560786398116,-0.47960099152746416,2.3472735061831167,2.318254955782793,-2.081718113739976,1
0.05099881261197367,-1.3726097933115489,2.678072326801613,2.5782567594489567,-1.5893717825958877,1
-0.5921043052282187,-0.6802595660649304,1.915543143984277,2.5143583669514524,-2.8591930208827643,1
-0.41158916173596755,0.00270726804171402,2.1567352027748496,1.300230560354786,-1.1994250866612777,1
-0.4958790559553553,-0.7449272898854066,2.0600590158708925,2.616208060960545,-2.754297733034022,1
-0.7577742067012505,-0.0807305945670585,1.3474881912260177,1.3944170878102173,-2.1717836549210148,1
0.19645441710129746,-1.3800658016157221,2.8504534507286428,2.377004679777303,-1.0758515559327257,1
-0.18656835078488376,-0.971871066700098,2.365230231667786,2.5277297708080204,-2.0422258539239997,1
-0.7779135913750704,0.21622541311406385,1.903361434983232,2.2255819687484615,-2.8621096723817723,1
-0.8214544355385013,0.23276726244124404,1.682853480055437,1.9232607349370854,-2.7005514065492453,1
-0.6693805299245514,-0.44679463217643267,1.6452907687318734,2.254326276633244,-2.815899336685338,1
-0.04404902866689431,-1.2770939049909296,2.575364821948063,2.591956395417262,-1.7974760022676384,1
-0.5372226446676933,-0.6359056888205539,1.9385273405414911,2.616758863769583,-2.868800715911752,1
0.17004886331867586,-1.4559733018196792,2.794148602532038,2.5421175994224687,-1.3136486366920972,1
-0.7839242280203973,0.2415813560680019,1.9224224914607615,2.2055118213574407,-2.8434385305318695,1
-0.621967208363674,-0.5445498069901853,1.7818224015921884,2.490576829269062,-2.9342536205753262,1
-0.5975042674438676,-0.5949866670824213,1.8522660060137464,2.612470489555677,-2.995318607357349,1
-0.6028289936553453,-0.5622829606141334,2.000534465174784,2.574992931942053,-2.9074100619833465,1
-0.5912170188958256,-0.6138273990314093,2.005543068909519,2.598684363388444,-2.9115119689780107,1
-0.7285748845988816,-0.004109052541270197,1.9462963745786055,2.31843879566029,-2.862990576039431,1
-0.6477713421735847,-0.35674524405116814,1.8823704887514479,2.518912200722006,-2.967022019681063,1
-0.5993891347446031,-0.5775521632657762,2.002018182677113,2.5820111336912683,-2.9086251853037846,1
-0.6048405589239334,-0.5533538159805672,1.9996668148805345,2.5708888185894443,-2.9066994805519943,1
-0.6012100942429327,-0.5694690993024263,2.001232746544757,2.5782959054019576,-2.9079819349817777,1
-0.8261978959485283,0.13499858590359928,1.529484441654417,1.7742510548800448,-2.6110619350764033,1
0.26925271891721236,-1.5852633747848206,2.9146463660121436,2.5381234249318876,-1.1021259115915367,1
-0.6383928027175481,-0.5708443182778401,1.773251430160756,2.3072852522723077,-2.77185500705792,1
-0.646396279058937,-0.041283208149343165,1.9967646742508656,2.2875957720793556,-2.6779194366484687,1
-0.793994332037748,0.33997752427126193,1.9282311435816437,2.150809613476205,-2.8001217156103237,1
-0.5457946339874812,-0.48859413610653635,1.778049986552411,2.11363319352106,-2.4166718210237423,1
-0.7478751224863095,0.08156284597984231,1.9379715852498143,2.279061319194956,-2.8561728053821,1
-0.5363109839134358,-0.31534060424493104,2.0540881330131673,2.382164853777021,-2.5765599359566336,1
-0.5882054909736734,-0.43211124501910547,1.6883517694492807,2.012258356377836,-2.4136660670648515,1
0.1301229028148666,-1.401774441095089,2.7461279875498588,2.540506774554017,-1.3952182975181977,1
-0.5616246116450753,-0.7443157482529947,2.004094252934908,2.6641847897500774,-2.9328270801260143,1
-0.3595770380436674,-0.9600121312214952,2.23440921350437,2.6374347440899424,-2.488314524136656,1
-0.44129626151359724,-0.3983816488859964,2.1986598717258214,2.026002702313614,-1.9929938136076388,1
0.2409874707182864,-1.5591566468789917,2.879225734564772,2.550052397443874,-1.1741365219336009,1
-0.3281126423700605,-0.22551217621022526,2.316718945405451,1.6978913249023704,-1.419637238330457,1
-0.03240452793369952,-1.2887957471013458,2.5879477233530808,2.5902780256728155,-1.7719807389776618,1
-0.3381074618002598,0.05246551159363905,2.3756970799730417,1.330088268926621,-1.0271307421322493,1
-0.3294901297810432,-0.05211078756830629,2.3697429575729174,1.413816150916499,-1.1033168925192902,1
-0.7869140504681897,0.3085358524861004,1.9235944596086423,2.166883586252796,-2.807299215569408,1
-0.6708571530602849,-0.05978176016324572,1.5506667136218497,1.3707695744985982,-1.9276525375754936,1
0.21655177170965884,-1.5389779899960772,2.8569667774410252,2.5543949311044307,-1.2268988541861732,1
-0.4403112140066476,-0.6834131522394263,2.058061387124912,2.5587461050524887,-2.6046823869033187,1
-0.8212067620745912,0.23787212359467366,1.6908614400074238,1.9310410768026651,-2.705223980043546,1
-0.5881101642200137,-0.6200382027813324,1.8829758116052693,2.649696099073437,-3.007300549445909,1
-0.6839403050901462,-0.19750599178342276,1.888204264950179,2.4373902480305936,-2.9378649179539926,1
-0.2917031442725015,-0.9508501432148792,2.2344731097730124,2.613149168013255,-2.352766018884625,1
-0.4570699481999405,-0.6751977647850907,2.0373905611957532,2.5687781559316036,-2.6503559348144035,1
-0.8155109330500929,0.35527031339146226,1.8750231584308203,2.109968186388316,-2.812680706766627,1
-0.43507836662796817,-0.6360463527148976,2.012212946044013,2.3782787199326223,-2.424518534874345,1
-0.8028216906670516,0.34813793053988085,1.915311055764925,2.1532180833026073,-2.8219459534975835,1
-0.8232241265395756,-0.11911280689494153,1.1912914859672683,1.4504923936227594,-2.397009761475569,1
0.1105369268312073,-1.3751867880718827,2.722571118788448,2.539716572470228,-1.435232899490837,1
-0.3728640525028425,0.01204083224587317,2.2472595607001065,1.289694624106107,-1.0906546694602701,1
-0.565947279128154,-0.7240325956486757,1.9843266929999035,2.6618201121816902,-2.9449817838374175,1
-0.5589816107564279,-0.7567174401637504,2.0161806969371643,2.6656306203486784,-2.9253953512603923,1
-0.8087828363738179,0.3519263261482727,1.911700205095371,2.154793831708442,-2.834657276559635,1
0.08643600680300617,-1.069955397471705,2.7534401644879503,2.1335096013345836,-1.0361437225205683,1
-0.427886516521356,-0.35685079653863866,2.21917914484747,1.9525785938617461,-1.8862882112188983,1
-0.5163048277604922,-0.7500050330275533,2.046858435497022,2.6325496341638472,-2.8096546441807275,1
-0.47748872316157964,-0.5104720563963151,2.143279026979749,2.2241719613650788,-2.2809887325500835,1
-0.04639392722040403,-0.6955458381012343,2.6363118731791864,1.8395275749002873,-0.9882027562945608,1
-0.6516126762816064,-0.33983319787270627,1.882990066469019,2.5102541405462557,-2.9639253821132776,1
0.2705430010721884,-1.5932350900490255,2.9153090225376954,2.5466129533362265,-1.1086867779892804,1
-0.20398263380710896,-1.116372733823383,2.402542574696915,2.615008283182827,-2.1476455342546217,1
-0.1167059648927149,-1.1506883219698032,2.4462844080408126,2.5924208942894795,-1.9655678372462777,1
0.17863632967972828,-1.3298417138799075,2.8347416147677005,2.33756931089085,-1.0694206536397308,1
-0.5647749562835703,-0.7295334590047635,1.9896877257844512,2.6624614211753492,-2.941685384823197,1
-0.643779630422077,-0.5581111098125349,1.7566922202549662,2.2831871015109044,-2.7616910385117674,1
-0.6198770481582697,-0.6146112578622458,1.8301692086992092,2.3901160887691764,-2.8067908834718924,1
-0.3473785164265992,0.018183381407272527,2.3068349069126737,1.2827607770833327,-1.0190713364109962,1
-0.523309094379623,-0.518540437006003,1.8256065076121801,2.1673804666913776,-2.4182654223913387,1
-0.6378783787345801,0.2567579074495697,2.082157950689323,1.841808627272394,-2.1633740808274253,1
-0.4493514875658474,-0.00639424515247148,2.068461460822686,1.310504552227871,-1.3054912544871642,1
-0.5797297197126096,-0.615068071431511,1.8860975842796597,2.6422042902949117,-2.984647706873697,1
-0.44551373455012944,-0.6221485022188182,1.990142326302992,2.3533350192197804,-2.423778956599501,1
-0.7036623958064051,-0.11469319270503919,1.9570419012432452,2.369266715338817,-2.8717908631696267,1
-0.547905907799446,-0.7578609010448328,2.026435579463234,2.6578319768672993,-2.895298320049873,1
-0.6657519402687349,-0.2829740563221705,1.9733938528383699,2.446613848541623,-2.885182656207533,1
-0.6713064425596682,-0.25312845536491557,1.8861665198619835,2.4658659647907175,-2.948049528882892,1
-0.559376692835723,-0.47050551434352683,1.7493241708096705,2.0811679451942346,-2.4157092296013083,1
-0.14533760935427917,-0.4166519223389398,2.5490641868098187,1.620543319653567,-0.9524920126407926,1
-0.594233381208374,-0.601730469145224,1.8616848660288348,2.628768623820581,-3.003483472955099,1
-0.5220465281574977,-0.023915275877046935,1.8985285153971732,1.3302826839991202,-1.5096758274988873,1
-0.5312067686407305,-0.6768403368128392,2.0610809503283605,2.5183013127707636,-2.7084402914958385,1
-0.6969260603743376,0.2969986101677967,2.0243377817682857,1.942605265976355,-2.3871867695789084,1
-0.7055377772059108,0.3028674525556672,2.0159050896104542,1.9573057941933418,-2.419828381329218,1
0.25499029980279464,-1.545061698141324,2.9020698877274613,2.5065575365352797,-1.096978320740931,1
-0.7363623184886642,0.03328973866665874,1.8966595334841239,2.3192352180917686,-2.8956056477359198,1
-0.6407201468405743,-0.052518109058235944,1.6211154016140625,1.362570202500822,-1.8430042356178764,1
-0.5625439940997886,-0.7400017512352544,1.9998899166430508,2.66368184959196,-2.9354122480525895,1
-0.7053806941488161,-0.41250051501707286,1.5673293891747342,2.007612718557885,-2.6454609846710415,1
-0.3734454589389743,-0.6914037736721239,2.1463484225486913,2.480360995553963,-2.3799554489912764,1
-0.833303781007374,-0.011462629702502197,1.2997317581157046,1.5510288568192243,-2.4770032852100186,1
-0.7769214695489794,-0.18077880748318653,1.2892207916765694,1.561169815520847,-2.400291336158249,1
-0.7344190886766329,-0.23738359032336465,1.3791125801902724,1.6627634225667085,-2.4033035766232542,1
-0.3678001488425923,-0.9517485271022419,2.225523423138928,2.6386199748427566,-2.506318763192058,1
-0.38269693093128626,0.08285301406345774,2.3320345590127025,1.4062041888948542,-1.196141424670154,1
-0.43103621095503053,-0.0019798790331948396,2.1112755080455523,1.3055215169164194,-1.2540476222402512,1
-0.8289465073011303,0.07834625384403593,1.4406143249784997,1.6879069805442286,-2.5592070114622723,1
-0.43636308812965013,-0.6343353572336978,2.0094957826485067,2.3752078451080507,-2.4244274837375808,1
-0.39001698709961335,-0.679539580849581,2.1302661355560635,2.5078391222456533,-2.4418617780267913,1
-0.8180214116269715,-0.14033191459117056,1.2172637581675292,1.5136802031160492,-2.444858360615388,1
-0.5081649298784743,-0.02056951930309822,1.9309783340308688,1.326505919068204,-1.4706854342856228,1
-0.4073546620108946,0.09965713572455975,2.3078894251710294,1.4482958738157616,-1.2896034021463763,1
-0.004568914714477679,-0.8134385752929009,2.673192808826745,1.932095579413223,-1.0032982355379334,1
-0.33326114480737923,-0.0637898663538497,2.3639726399929786,1.4344640764682173,-1.1333240574754473,1
-0.759532619018827,0.24036976550360248,1.9378524797598875,2.190405681772559,-2.7820881443153693,1
-0.6537496214765548,0.26757408080663847,2.0666166472741203,1.868901442367247,-2.223531997501957,1
-0.200554578337869,-1.119817670172817,2.4062468884299557,2.6145141834602468,-2.1401399160436347,1
0.15737030053118495,-1.2698988654428796,2.815989413500686,2.290502884265977,-1.0617453205706657,1
-0.1496159971759028,-1.1710070897747002,2.4612904801784072,2.60717219642223,-2.0286115158057436,1
0.23592922789667595,-1.4913339929672706,2.885261998758069,2.464371168032055,-1.0900988006146792,1
-0.359894130771275,-0.44756498376241916,2.330893813300244,2.3117097863048857,-2.109799356628006,1
-0.656800023983906,-0.4727326917130167,1.681517655221566,2.3170122767503103,-2.847303100913648,1
-0.5066059550891698,-0.6006500173231033,2.0987245306180142,2.38360130145369,-2.512683800168733,1
-0.5190883650691847,-0.5241616154233275,1.8345332759192792,2.177469292451504,-2.4185645550836674,1
-0.5727953332560383,-0.691899629728386,1.9530105390414934,2.6580739438616194,-2.9642375024995435,1
-0.30420919648652206,0.02014682824621477,2.4065532615032805,1.2853045314147526,-0.9132730607459493,1
-0.8041382817274575,-0.1445313853071968,1.2316577122878396,1.4961133630410206,-2.3983624187355126,1
-0.8285133615604852,0.08727393156245378,1.4546191105122463,1.7015136943464921,-2.5673786794115,1
-0.6978640652868404,-0.136204561394283,1.890450060634719,2.4060072049873074,-2.9266404741286363,1
-0.11628872940340435,-1.0672745426081682,2.4497584583370315,2.530565223241428,-1.8986429618223286,1
-0.4289600740534236,-0.7282915708206066,2.103306801441074,2.5626697441775357,-2.572937235594137,1
-0.8215120584983259,0.2315795808684564,1.6809903722872253,1.9214505841051615,-2.6994642997171723,1
-0.28501172841854366,-0.8382357365465275,2.246828282779412,2.5237580431695186,-2.2433479514972623,1
-0.7580369741405178,0.1266703274929607,1.9335884644455459,2.258328513895262,-2.8525831514909767,1
-0.3236166591418572,0.04259010131956916,2.389886640583091,1.3053519175656907,-0.9722052071225817,1
-0.5489475655460733,0.19615199851919532,2.1692400256844993,1.6900003462750268,-1.82629320212322,1
-0.49969451709898705,-0.7133342170171437,1.9827266366983232,2.6377855771451677,-2.8129670440685826,1
-0.1638773203477584,-0.3643937843299194,2.532716029400949,1.5795108381768492,-0.9458006620419006,1
-0.5874094357399089,-0.6113033573441675,1.876625146125637,2.6468014932241073,-3.0055776812900676,1
-0.22124778225183808,-0.20268287541234706,2.4821272504195853,1.4525373154386654,-0.9250945207889116,1
-0.8259993155869374,0.13909157656039303,1.535905087442489,1.7804892003663495,-2.6148083248567615,1
-0.5432644381159972,-0.29802997660746877,2.050467340202381,2.3761914694326918,-2.582962231968318,1
-0.5264425051789628,-0.641190277840836,1.9518239525823207,2.6103056969261,-2.839420978053999,1
-0.2101578101228464,-1.0439709073333838,2.3331731182824926,2.6034901894334777,-2.1723390816291728,1
-0.5899571901431921,-0.6113714457821844,1.8745293614027354,2.6486856996416357,-3.0124941140518837,1
-0.3865585489849805,-0.22885539330295443,2.282418218665217,1.7262902362351218,-1.557428439909092,1
-0.157350612097304,-1.1632343870484174,2.452932552329742,2.6082870182567137,-2.045546208703788,1
-0.7919355957733433,0.27714304650668764,1.9189669408521242,2.1891665593463303,-2.8406085308028657,1
-0.5150530704028126,-0.6467735527166562,1.9658720913602206,2.603487796013009,-2.8083806924972974,1
-0.5892055371549588,-0.6148984097056207,1.8779666707848222,2.6490968848571175,-3.0103805766582417,1
-0.560713536340782,-0.7485907658210459,2.0082606006249435,2.6646831855539665,-2.9302652706817742,1
-0.5154163464077783,-0.022317262901183813,1.914027321151547,1.328478811173051,-1.4910530876456811,1
-0.3371873746734102,-0.07594965559236722,2.357964816353821,1.4559618698757144,-1.1645663162368107,1
-0.6972295629399959,-0.3893764424947991,1.565096556936409,2.1155604356485704,-2.746381904641698,1
-0.6598868519675647,-0.30340490568187195,1.8843246275204986,2.4916048096161103,-2.957255271534225,1
-0.7454988062925461,-0.22262759320727576,1.3556791721722,1.6362795302635704,-2.402518331819117,1
-0.7816749234516915,-0.23215869238989537,1.3327994901462903,1.6663079765443172,-2.501507587714347,1
-0.7769056910038897,0.21178798144544086,1.903198868386848,2.227853695658813,-2.8629221771174227,1
-0.8168724973118187,0.3272067639184891,1.8310000648469351,2.0671964042969164,-2.786993622733927,1
-0.7360146997198233,-0.34008884706359227,1.4731598785963724,1.870570487922747,-2.5876601627133238,1
-0.6560733534162285,-0.320194401671563,1.8837095394646426,2.500200130671015,-2.9603294698587344,1
-0.5834946614449382,-0.613222439493124,1.8814537696403932,2.6444580456549516,-2.994908520405949,1
-0.33596901402362683,0.0510081700203841,2.37779107262847,1.3264378572264022,-1.0190252292085955,1
0.2429817999360323,-1.5112131746374093,2.891480896014739,2.4799800700084607,-1.0926442141950676,1
-0.6931035312061227,-0.15716352251123267,1.8896822230144532,2.4167370684619502,-2.9304781118509804,1
-0.6821693605078153,-0.06250823961270785,1.5242231389958794,1.3738472855460098,-1.959426070249734,1
-0.7813868420214152,0.23031814381737548,1.923516944493442,2.2106887449809296,-2.8443348570906966,1
0.08746666976301254,-1.3438692785131514,2.6948235601015136,2.5387857960195657,-1.482365968313165,1
-0.40929087234150674,0.0032612040291840894,2.162107716264935,1.2996052650097094,-1.1929696911508547,1
-0.5174507380667492,-0.6455981794086975,1.9629147217674119,2.604923078876165,-2.814915194904257,1
-0.6099317043314976,-0.6381197387626019,1.8607413830931134,2.4346069112081516,-2.8255559465814843,1
-0.7964919285441989,0.29801931265204185,1.906357978219467,2.1837078810871504,-2.847133006669523,1
-0.585147127364684,-0.6407710633698088,2.0081612007968097,2.611068511827897,-2.913656146092074,1
-0.7130307434633891,-0.06943099927168006,1.8928963294526633,2.371822724120472,-2.9144140694214977,1
-0.6092408318729334,-0.6397528006536363,1.8628651380537322,2.437697551855407,-2.8268594978222907,1
-0.7021412682703334,-0.3792496553937458,1.5509527862238115,2.0910864468944474,-2.734121186600581,1
-0.3499499361738375,-0.44993705126780187,2.234649675399462,2.0748151823597656,-1.8822326051865752,1
-0.6964424187375502,-0.14246357230427897,1.890220759954426,2.4092114827268296,-2.9277865145377353,1
-0.6331881431794515,-0.5831469235447223,1.7892506516890512,2.3305684677546563,-2.7816752572571555,1
-0.5432999111817783,-0.7567158736764065,2.0294123006923437,2.654146964050166,-2.8828153770336327,1
-0.26858714066276124,-0.06924677568206516,2.440383812066696,1.347764843645599,-0.9080088043845133,1
-0.6456666111849768,-0.3660116360575918,1.8820310117923105,2.5236560962126577,-2.9687187190220015,1
0.14033119978498174,-1.4623820827378466,2.774603783652184,2.565380915368929,-1.3937813675594257,1
0.18976140236791883,-1.4827327622052604,2.8178576939617743,2.5429129077311523,-1.273375463448974,1
-0.7204872557160589,-0.0717436566890388,1.4346506902807072,1.3842724311193189,-2.067052711738972,1
0.2520997071199096,-1.5718462747476512,2.892675649741853,2.548736162070067,-1.1495496243396337,1
-0.7281195278666126,-0.006130337252132245,1.946492784016028,2.3193678411525185,-2.8631514298996783,1
-0.4068300166530845,-0.9125264632994698,2.1833482376361,2.6442455100858564,-2.591773415031688,1
-0.18217114474573598,-0.31282873024474345,2.51658469267334,1.5390225581269414,-0.9391980568079524,1
